"-BEGIN HEADER-","","","","","","","","","","","","","","","","","","",""
"NASA/POWER Source Native Resolution Daily Data ","","","","","","","","","","","","","","","","","","",""
"Dates (month/day/year): 05/17/2015 through 05/17/2026 in UTC","","","","","","","","","","","","","","","","","","",""
"Location: latitude  -2.1391   longitude -79.5931 ","","","","","","","","","","","","","","","","","","",""
"elevation from MERRA-2: Average for 0.5 x 0.625 degree lat/lon region = 836.97 meters","","","","","","","","","","","","","","","","","","",""
"The value for missing source data that cannot be computed or is outside of the sources availability range: -999 ","","","","","","","","","","","","","","","","","","",""
"parameter(s): ","","","","","","","","","","","","","","","","","","",""
"T2M      MERRA-2 Temperature at 2 Meters (C) ","","","","","","","","","","","","","","","","","","",""
"RH2M     MERRA-2 Relative Humidity at 2 Meters (%) ","","","","","","","","","","","","","","","","","","",""
"-END HEADER-","","","","","","","","","","","","","","","","","","",""
"YEAR","DOY","T2M","RH2M","","","","","","","","","","","","","","","",""
"2015","137","23.5","81.85","","","","","","","","","","","","","","","",""
"2015","138","24.02","79.63","","","","","","","","","","","","","","","",""
"2015","139","23.69","78.22","","","","","","","","","","","","","","","",""
"2015","140","23.59","78.29","","","","","","","","","","","","","","","",""
"2015","141","23.4","81.88","","","","","","","","","","","","","","","",""
"2015","142","23.74","78.59","","","","","","","","","","","","","","","",""
"2015","143","23.36","81.26","","","","","","","","","","","","","","","",""
"2015","144","23.27","79.25","","","","","","","","","","","","","","","",""
"2015","145","23.01","82.27","","","","","","","","","","","","","","","",""
"2015","146","23.31","80.97","","","","","","","","","","","","","","","",""
"2015","147","23.06","81.78","","","","","","","","","","","","","","","",""
"2015","148","22.31","85.05","","","","","","","","","","","","","","","",""
"2015","149","22.9","82.44","","","","","","","","","","","","","","","",""
"2015","150","22.78","83.18","","","","","","","","","","","","","","","",""
"2015","151","23.09","82.49","","","","","","","","","","","","","","","",""
"2015","152","23.56","78.15","","","","","","","","","","","","","","","",""
"2015","153","23.59","77.66","","","","","","","","","","","","","","","",""
"2015","154","23.48","75.82","","","","","","","","","","","","","","","",""
"2015","155","23.27","76.76","","","","","","","","","","","","","","","",""
"2015","156","23.14","77.03","","","","","","","","","","","","","","","",""
"2015","157","22.95","79.16","","","","","","","","","","","","","","","",""
"2015","158","22.3","80.94","","","","","","","","","","","","","","","",""
"2015","159","22.46","81.65","","","","","","","","","","","","","","","",""
"2015","160","22.49","82.83","","","","","","","","","","","","","","","",""
"2015","161","22.21","85.17","","","","","","","","","","","","","","","",""
"2015","162","23.23","80.59","","","","","","","","","","","","","","","",""
"2015","163","23.08","79.04","","","","","","","","","","","","","","","",""
"2015","164","23.18","77.93","","","","","","","","","","","","","","","",""
"2015","165","23.57","78.67","","","","","","","","","","","","","","","",""
"2015","166","23.89","76.61","","","","","","","","","","","","","","","",""
"2015","167","24.33","72.54","","","","","","","","","","","","","","","",""
"2015","168","24.16","73.16","","","","","","","","","","","","","","","",""
"2015","169","24.29","73.45","","","","","","","","","","","","","","","",""
"2015","170","24.43","72.25","","","","","","","","","","","","","","","",""
"2015","171","23.9","71.98","","","","","","","","","","","","","","","",""
"2015","172","24.04","73.21","","","","","","","","","","","","","","","",""
"2015","173","24.74","68.29","","","","","","","","","","","","","","","",""
"2015","174","24.78","66.5","","","","","","","","","","","","","","","",""
"2015","175","25.1","65.81","","","","","","","","","","","","","","","",""
"2015","176","24.61","65.57","","","","","","","","","","","","","","","",""
"2015","177","24.54","66.48","","","","","","","","","","","","","","","",""
"2015","178","24.68","63.69","","","","","","","","","","","","","","","",""
"2015","179","24.85","62.04","","","","","","","","","","","","","","","",""
"2015","180","23.86","67.16","","","","","","","","","","","","","","","",""
"2015","181","24.33","68.13","","","","","","","","","","","","","","","",""
"2015","182","24.84","63.82","","","","","","","","","","","","","","","",""
"2015","183","24.6","65.79","","","","","","","","","","","","","","","",""
"2015","184","24.8","65.06","","","","","","","","","","","","","","","",""
"2015","185","24.94","65.77","","","","","","","","","","","","","","","",""
"2015","186","24.35","69.05","","","","","","","","","","","","","","","",""
"2015","187","24.15","70.6","","","","","","","","","","","","","","","",""
"2015","188","23.71","73.51","","","","","","","","","","","","","","","",""
"2015","189","23.6","72.53","","","","","","","","","","","","","","","",""
"2015","190","23.71","70.74","","","","","","","","","","","","","","","",""
"2015","191","23.81","69.13","","","","","","","","","","","","","","","",""
"2015","192","24.45","65.99","","","","","","","","","","","","","","","",""
"2015","193","24.09","64.82","","","","","","","","","","","","","","","",""
"2015","194","24.37","66.21","","","","","","","","","","","","","","","",""
"2015","195","24.15","68.29","","","","","","","","","","","","","","","",""
"2015","196","23.76","68.43","","","","","","","","","","","","","","","",""
"2015","197","24.38","65.15","","","","","","","","","","","","","","","",""
"2015","198","24.31","63.95","","","","","","","","","","","","","","","",""
"2015","199","24.06","66.97","","","","","","","","","","","","","","","",""
"2015","200","23.47","71.93","","","","","","","","","","","","","","","",""
"2015","201","23.19","74.38","","","","","","","","","","","","","","","",""
"2015","202","23.15","72.12","","","","","","","","","","","","","","","",""
"2015","203","23.59","67.51","","","","","","","","","","","","","","","",""
"2015","204","24.11","67.15","","","","","","","","","","","","","","","",""
"2015","205","25.35","63.69","","","","","","","","","","","","","","","",""
"2015","206","25.68","62.03","","","","","","","","","","","","","","","",""
"2015","207","24.89","62.33","","","","","","","","","","","","","","","",""
"2015","208","24.93","61.36","","","","","","","","","","","","","","","",""
"2015","209","24.39","65.82","","","","","","","","","","","","","","","",""
"2015","210","24.45","65.16","","","","","","","","","","","","","","","",""
"2015","211","24.98","60.4","","","","","","","","","","","","","","","",""
"2015","212","24.57","63.13","","","","","","","","","","","","","","","",""
"2015","213","25","60.7","","","","","","","","","","","","","","","",""
"2015","214","25.49","56.49","","","","","","","","","","","","","","","",""
"2015","215","25.6","58.12","","","","","","","","","","","","","","","",""
"2015","216","26.01","57.31","","","","","","","","","","","","","","","",""
"2015","217","26.2","57.29","","","","","","","","","","","","","","","",""
"2015","218","26","56.59","","","","","","","","","","","","","","","",""
"2015","219","25.23","57.57","","","","","","","","","","","","","","","",""
"2015","220","24.11","63.33","","","","","","","","","","","","","","","",""
"2015","221","24.31","63.12","","","","","","","","","","","","","","","",""
"2015","222","24.22","63.78","","","","","","","","","","","","","","","",""
"2015","223","24.41","60.81","","","","","","","","","","","","","","","",""
"2015","224","24.63","59.85","","","","","","","","","","","","","","","",""
"2015","225","24.49","59.58","","","","","","","","","","","","","","","",""
"2015","226","24.22","61.67","","","","","","","","","","","","","","","",""
"2015","227","24.79","59.38","","","","","","","","","","","","","","","",""
"2015","228","25.05","57.47","","","","","","","","","","","","","","","",""
"2015","229","24.57","60.2","","","","","","","","","","","","","","","",""
"2015","230","25.53","54.08","","","","","","","","","","","","","","","",""
"2015","231","25.67","54.89","","","","","","","","","","","","","","","",""
"2015","232","24.96","58.18","","","","","","","","","","","","","","","",""
"2015","233","24.79","58.13","","","","","","","","","","","","","","","",""
"2015","234","25.4","54.67","","","","","","","","","","","","","","","",""
"2015","235","24.88","57.67","","","","","","","","","","","","","","","",""
"2015","236","24.52","61.09","","","","","","","","","","","","","","","",""
"2015","237","24.49","61.13","","","","","","","","","","","","","","","",""
"2015","238","24.31","59.84","","","","","","","","","","","","","","","",""
"2015","239","24.45","64.12","","","","","","","","","","","","","","","",""
"2015","240","24.91","60.63","","","","","","","","","","","","","","","",""
"2015","241","25.26","57.44","","","","","","","","","","","","","","","",""
"2015","242","25.65","55.85","","","","","","","","","","","","","","","",""
"2015","243","25.51","55.55","","","","","","","","","","","","","","","",""
"2015","244","24.87","60.19","","","","","","","","","","","","","","","",""
"2015","245","25.08","59.8","","","","","","","","","","","","","","","",""
"2015","246","25.51","56","","","","","","","","","","","","","","","",""
"2015","247","25.5","54.45","","","","","","","","","","","","","","","",""
"2015","248","25.15","56.19","","","","","","","","","","","","","","","",""
"2015","249","24.61","61.18","","","","","","","","","","","","","","","",""
"2015","250","24.98","57.7","","","","","","","","","","","","","","","",""
"2015","251","25.12","59.69","","","","","","","","","","","","","","","",""
"2015","252","24.65","60.02","","","","","","","","","","","","","","","",""
"2015","253","24.04","61.69","","","","","","","","","","","","","","","",""
"2015","254","24.56","57.51","","","","","","","","","","","","","","","",""
"2015","255","25.43","55.32","","","","","","","","","","","","","","","",""
"2015","256","25.77","50.53","","","","","","","","","","","","","","","",""
"2015","257","26.25","48.23","","","","","","","","","","","","","","","",""
"2015","258","25.34","55.67","","","","","","","","","","","","","","","",""
"2015","259","24.86","59.49","","","","","","","","","","","","","","","",""
"2015","260","24.74","58.57","","","","","","","","","","","","","","","",""
"2015","261","24.51","60.17","","","","","","","","","","","","","","","",""
"2015","262","25.61","58.52","","","","","","","","","","","","","","","",""
"2015","263","26.03","59.21","","","","","","","","","","","","","","","",""
"2015","264","25.54","60.97","","","","","","","","","","","","","","","",""
"2015","265","25.77","55.94","","","","","","","","","","","","","","","",""
"2015","266","25.31","62.27","","","","","","","","","","","","","","","",""
"2015","267","25.33","60.51","","","","","","","","","","","","","","","",""
"2015","268","25.09","62.54","","","","","","","","","","","","","","","",""
"2015","269","25.12","61.23","","","","","","","","","","","","","","","",""
"2015","270","26.2","54.89","","","","","","","","","","","","","","","",""
"2015","271","26.29","56.23","","","","","","","","","","","","","","","",""
"2015","272","25.58","55.32","","","","","","","","","","","","","","","",""
"2015","273","25.06","62.63","","","","","","","","","","","","","","","",""
"2015","274","24.62","62.04","","","","","","","","","","","","","","","",""
"2015","275","24.92","61.67","","","","","","","","","","","","","","","",""
"2015","276","25.15","61.03","","","","","","","","","","","","","","","",""
"2015","277","25.45","58.8","","","","","","","","","","","","","","","",""
"2015","278","25.85","57.01","","","","","","","","","","","","","","","",""
"2015","279","25.44","61.16","","","","","","","","","","","","","","","",""
"2015","280","25.99","58.77","","","","","","","","","","","","","","","",""
"2015","281","25.18","62.36","","","","","","","","","","","","","","","",""
"2015","282","24.61","63.03","","","","","","","","","","","","","","","",""
"2015","283","24.49","64.13","","","","","","","","","","","","","","","",""
"2015","284","24.19","64.42","","","","","","","","","","","","","","","",""
"2015","285","24.25","62.72","","","","","","","","","","","","","","","",""
"2015","286","23.89","65.74","","","","","","","","","","","","","","","",""
"2015","287","24.67","64.15","","","","","","","","","","","","","","","",""
"2015","288","23.25","71.12","","","","","","","","","","","","","","","",""
"2015","289","23.7","68.94","","","","","","","","","","","","","","","",""
"2015","290","24.47","65.18","","","","","","","","","","","","","","","",""
"2015","291","24.43","66.21","","","","","","","","","","","","","","","",""
"2015","292","24.6","65.17","","","","","","","","","","","","","","","",""
"2015","293","25.43","59.4","","","","","","","","","","","","","","","",""
"2015","294","25.75","58.73","","","","","","","","","","","","","","","",""
"2015","295","25.04","65.38","","","","","","","","","","","","","","","",""
"2015","296","25.02","63.78","","","","","","","","","","","","","","","",""
"2015","297","25.23","61.81","","","","","","","","","","","","","","","",""
"2015","298","24.91","63.05","","","","","","","","","","","","","","","",""
"2015","299","25.49","59.19","","","","","","","","","","","","","","","",""
"2015","300","25.2","61.95","","","","","","","","","","","","","","","",""
"2015","301","24.78","63.18","","","","","","","","","","","","","","","",""
"2015","302","24.57","64.56","","","","","","","","","","","","","","","",""
"2015","303","23.88","67.83","","","","","","","","","","","","","","","",""
"2015","304","23.93","66.47","","","","","","","","","","","","","","","",""
"2015","305","23.89","65.86","","","","","","","","","","","","","","","",""
"2015","306","23.76","64.17","","","","","","","","","","","","","","","",""
"2015","307","24.14","61.09","","","","","","","","","","","","","","","",""
"2015","308","23.63","64.5","","","","","","","","","","","","","","","",""
"2015","309","23.86","62.06","","","","","","","","","","","","","","","",""
"2015","310","23.02","67.32","","","","","","","","","","","","","","","",""
"2015","311","22.46","70.92","","","","","","","","","","","","","","","",""
"2015","312","22.56","69.81","","","","","","","","","","","","","","","",""
"2015","313","22.7","68.28","","","","","","","","","","","","","","","",""
"2015","314","24.44","61.65","","","","","","","","","","","","","","","",""
"2015","315","24.46","59.11","","","","","","","","","","","","","","","",""
"2015","316","24.9","59.25","","","","","","","","","","","","","","","",""
"2015","317","24.99","61.8","","","","","","","","","","","","","","","",""
"2015","318","25.32","61.19","","","","","","","","","","","","","","","",""
"2015","319","25.26","61.33","","","","","","","","","","","","","","","",""
"2015","320","24.37","66.23","","","","","","","","","","","","","","","",""
"2015","321","24.13","68.21","","","","","","","","","","","","","","","",""
"2015","322","23.41","71.12","","","","","","","","","","","","","","","",""
"2015","323","24.16","67.14","","","","","","","","","","","","","","","",""
"2015","324","24.37","67.62","","","","","","","","","","","","","","","",""
"2015","325","24.77","65.18","","","","","","","","","","","","","","","",""
"2015","326","24.45","67.83","","","","","","","","","","","","","","","",""
"2015","327","24.14","68.2","","","","","","","","","","","","","","","",""
"2015","328","23.27","76.71","","","","","","","","","","","","","","","",""
"2015","329","24.43","73.69","","","","","","","","","","","","","","","",""
"2015","330","24.4","71.23","","","","","","","","","","","","","","","",""
"2015","331","24.48","70.98","","","","","","","","","","","","","","","",""
"2015","332","24.6","70.97","","","","","","","","","","","","","","","",""
"2015","333","24.95","71.11","","","","","","","","","","","","","","","",""
"2015","334","25.42","69.63","","","","","","","","","","","","","","","",""
"2015","335","25.26","69.32","","","","","","","","","","","","","","","",""
"2015","336","24.73","71.33","","","","","","","","","","","","","","","",""
"2015","337","25.48","65.17","","","","","","","","","","","","","","","",""
"2015","338","25.47","64.89","","","","","","","","","","","","","","","",""
"2015","339","24.95","70.06","","","","","","","","","","","","","","","",""
"2015","340","25.37","67.89","","","","","","","","","","","","","","","",""
"2015","341","25.38","66.08","","","","","","","","","","","","","","","",""
"2015","342","24.67","68.31","","","","","","","","","","","","","","","",""
"2015","343","24.96","69.14","","","","","","","","","","","","","","","",""
"2015","344","25.5","65.79","","","","","","","","","","","","","","","",""
"2015","345","25.3","64.72","","","","","","","","","","","","","","","",""
"2015","346","26.05","63.68","","","","","","","","","","","","","","","",""
"2015","347","25.42","65.37","","","","","","","","","","","","","","","",""
"2015","348","24.45","70.77","","","","","","","","","","","","","","","",""
"2015","349","24.59","71.61","","","","","","","","","","","","","","","",""
"2015","350","25.25","68.08","","","","","","","","","","","","","","","",""
"2015","351","25.58","63.61","","","","","","","","","","","","","","","",""
"2015","352","24.65","70.47","","","","","","","","","","","","","","","",""
"2015","353","25.21","68.6","","","","","","","","","","","","","","","",""
"2015","354","25.86","62.75","","","","","","","","","","","","","","","",""
"2015","355","25.5","64.69","","","","","","","","","","","","","","","",""
"2015","356","25.51","63.09","","","","","","","","","","","","","","","",""
"2015","357","25.6","61.91","","","","","","","","","","","","","","","",""
"2015","358","26.01","61.86","","","","","","","","","","","","","","","",""
"2015","359","26.35","59.93","","","","","","","","","","","","","","","",""
"2015","360","25.82","64.03","","","","","","","","","","","","","","","",""
"2015","361","26.23","62.34","","","","","","","","","","","","","","","",""
"2015","362","26.28","61.89","","","","","","","","","","","","","","","",""
"2015","363","26.6","60.64","","","","","","","","","","","","","","","",""
"2015","364","27.45","58.22","","","","","","","","","","","","","","","",""
"2015","365","26.61","62.2","","","","","","","","","","","","","","","",""
"2016","1","26.33","62.71","","","","","","","","","","","","","","","",""
"2016","2","25.47","67.95","","","","","","","","","","","","","","","",""
"2016","3","24.34","75.63","","","","","","","","","","","","","","","",""
"2016","4","24.32","75.01","","","","","","","","","","","","","","","",""
"2016","5","24.29","74.52","","","","","","","","","","","","","","","",""
"2016","6","24.26","75.4","","","","","","","","","","","","","","","",""
"2016","7","24.24","73.18","","","","","","","","","","","","","","","",""
"2016","8","24.43","73.54","","","","","","","","","","","","","","","",""
"2016","9","23.76","74.42","","","","","","","","","","","","","","","",""
"2016","10","24.04","73.69","","","","","","","","","","","","","","","",""
"2016","11","23.81","76.96","","","","","","","","","","","","","","","",""
"2016","12","23.5","80.05","","","","","","","","","","","","","","","",""
"2016","13","23","82.74","","","","","","","","","","","","","","","",""
"2016","14","23.41","78.95","","","","","","","","","","","","","","","",""
"2016","15","24.23","76.6","","","","","","","","","","","","","","","",""
"2016","16","24.08","76.51","","","","","","","","","","","","","","","",""
"2016","17","22.51","83.85","","","","","","","","","","","","","","","",""
"2016","18","23.41","77.02","","","","","","","","","","","","","","","",""
"2016","19","23.22","79.96","","","","","","","","","","","","","","","",""
"2016","20","22.66","86.68","","","","","","","","","","","","","","","",""
"2016","21","23.33","83.2","","","","","","","","","","","","","","","",""
"2016","22","23.75","80","","","","","","","","","","","","","","","",""
"2016","23","23.71","80.26","","","","","","","","","","","","","","","",""
"2016","24","23.79","79.63","","","","","","","","","","","","","","","",""
"2016","25","21.72","91.72","","","","","","","","","","","","","","","",""
"2016","26","22.87","87.13","","","","","","","","","","","","","","","",""
"2016","27","23.64","81.46","","","","","","","","","","","","","","","",""
"2016","28","23.63","82.72","","","","","","","","","","","","","","","",""
"2016","29","22.76","86.95","","","","","","","","","","","","","","","",""
"2016","30","22.56","87.23","","","","","","","","","","","","","","","",""
"2016","31","23.26","83.42","","","","","","","","","","","","","","","",""
"2016","32","23.16","83.76","","","","","","","","","","","","","","","",""
"2016","33","23.43","81.3","","","","","","","","","","","","","","","",""
"2016","34","22.91","83.38","","","","","","","","","","","","","","","",""
"2016","35","22.18","88.01","","","","","","","","","","","","","","","",""
"2016","36","23.34","83.4","","","","","","","","","","","","","","","",""
"2016","37","24.08","82.13","","","","","","","","","","","","","","","",""
"2016","38","24.28","80.39","","","","","","","","","","","","","","","",""
"2016","39","23.21","85.02","","","","","","","","","","","","","","","",""
"2016","40","22.94","86.83","","","","","","","","","","","","","","","",""
"2016","41","24.05","81.69","","","","","","","","","","","","","","","",""
"2016","42","23.43","84.85","","","","","","","","","","","","","","","",""
"2016","43","24.21","78.54","","","","","","","","","","","","","","","",""
"2016","44","24.49","79.76","","","","","","","","","","","","","","","",""
"2016","45","24.43","78.79","","","","","","","","","","","","","","","",""
"2016","46","24.09","81.44","","","","","","","","","","","","","","","",""
"2016","47","24.94","78.31","","","","","","","","","","","","","","","",""
"2016","48","24.35","81.53","","","","","","","","","","","","","","","",""
"2016","49","24.54","78.75","","","","","","","","","","","","","","","",""
"2016","50","24.85","78.57","","","","","","","","","","","","","","","",""
"2016","51","24.18","81","","","","","","","","","","","","","","","",""
"2016","52","23.43","84.99","","","","","","","","","","","","","","","",""
"2016","53","23.21","87.58","","","","","","","","","","","","","","","",""
"2016","54","23.61","84.51","","","","","","","","","","","","","","","",""
"2016","55","23.41","85.77","","","","","","","","","","","","","","","",""
"2016","56","23.03","89.07","","","","","","","","","","","","","","","",""
"2016","57","22.86","88.86","","","","","","","","","","","","","","","",""
"2016","58","22.9","90.13","","","","","","","","","","","","","","","",""
"2016","59","23.32","87.69","","","","","","","","","","","","","","","",""
"2016","60","23.29","87.14","","","","","","","","","","","","","","","",""
"2016","61","23.69","84.44","","","","","","","","","","","","","","","",""
"2016","62","23","88.62","","","","","","","","","","","","","","","",""
"2016","63","22.64","88.81","","","","","","","","","","","","","","","",""
"2016","64","22.55","87.92","","","","","","","","","","","","","","","",""
"2016","65","23.08","87.75","","","","","","","","","","","","","","","",""
"2016","66","22.22","92.06","","","","","","","","","","","","","","","",""
"2016","67","22.06","90.72","","","","","","","","","","","","","","","",""
"2016","68","23.3","86.05","","","","","","","","","","","","","","","",""
"2016","69","23.01","89.97","","","","","","","","","","","","","","","",""
"2016","70","22.67","90.18","","","","","","","","","","","","","","","",""
"2016","71","22.99","88.93","","","","","","","","","","","","","","","",""
"2016","72","23.07","88.99","","","","","","","","","","","","","","","",""
"2016","73","23.11","86.95","","","","","","","","","","","","","","","",""
"2016","74","23.13","85.62","","","","","","","","","","","","","","","",""
"2016","75","23.27","87.83","","","","","","","","","","","","","","","",""
"2016","76","23.38","83.4","","","","","","","","","","","","","","","",""
"2016","77","22.92","81.79","","","","","","","","","","","","","","","",""
"2016","78","22.91","84.12","","","","","","","","","","","","","","","",""
"2016","79","23.53","83.69","","","","","","","","","","","","","","","",""
"2016","80","23.76","81.53","","","","","","","","","","","","","","","",""
"2016","81","23.37","82.34","","","","","","","","","","","","","","","",""
"2016","82","23.77","81.41","","","","","","","","","","","","","","","",""
"2016","83","23.57","80.85","","","","","","","","","","","","","","","",""
"2016","84","24.56","77.6","","","","","","","","","","","","","","","",""
"2016","85","24.15","82.28","","","","","","","","","","","","","","","",""
"2016","86","24.21","81.67","","","","","","","","","","","","","","","",""
"2016","87","24.13","82.13","","","","","","","","","","","","","","","",""
"2016","88","23.68","85.98","","","","","","","","","","","","","","","",""
"2016","89","23.49","84.6","","","","","","","","","","","","","","","",""
"2016","90","22.4","88.85","","","","","","","","","","","","","","","",""
"2016","91","23.22","83.86","","","","","","","","","","","","","","","",""
"2016","92","22.11","91.97","","","","","","","","","","","","","","","",""
"2016","93","22.73","88.09","","","","","","","","","","","","","","","",""
"2016","94","22.71","88.38","","","","","","","","","","","","","","","",""
"2016","95","22.54","92.86","","","","","","","","","","","","","","","",""
"2016","96","23.38","85.51","","","","","","","","","","","","","","","",""
"2016","97","23.68","86.15","","","","","","","","","","","","","","","",""
"2016","98","23.83","83.16","","","","","","","","","","","","","","","",""
"2016","99","23.75","85.55","","","","","","","","","","","","","","","",""
"2016","100","23.15","87.72","","","","","","","","","","","","","","","",""
"2016","101","22.59","89.91","","","","","","","","","","","","","","","",""
"2016","102","22.52","88.58","","","","","","","","","","","","","","","",""
"2016","103","22.44","88.68","","","","","","","","","","","","","","","",""
"2016","104","22.92","87.47","","","","","","","","","","","","","","","",""
"2016","105","22.8","86.21","","","","","","","","","","","","","","","",""
"2016","106","23.15","82.56","","","","","","","","","","","","","","","",""
"2016","107","22.72","84.5","","","","","","","","","","","","","","","",""
"2016","108","23.53","84.19","","","","","","","","","","","","","","","",""
"2016","109","23.52","82.25","","","","","","","","","","","","","","","",""
"2016","110","23.69","78.23","","","","","","","","","","","","","","","",""
"2016","111","24.14","76.66","","","","","","","","","","","","","","","",""
"2016","112","24.23","76.65","","","","","","","","","","","","","","","",""
"2016","113","23.73","79.11","","","","","","","","","","","","","","","",""
"2016","114","22.77","84.42","","","","","","","","","","","","","","","",""
"2016","115","22.22","84.84","","","","","","","","","","","","","","","",""
"2016","116","23.5","84.72","","","","","","","","","","","","","","","",""
"2016","117","22.39","85.74","","","","","","","","","","","","","","","",""
"2016","118","22.96","83.51","","","","","","","","","","","","","","","",""
"2016","119","21.61","86.22","","","","","","","","","","","","","","","",""
"2016","120","23.41","80.09","","","","","","","","","","","","","","","",""
"2016","121","22.93","84.34","","","","","","","","","","","","","","","",""
"2016","122","22.81","83","","","","","","","","","","","","","","","",""
"2016","123","22.69","82.62","","","","","","","","","","","","","","","",""
"2016","124","23.3","80.85","","","","","","","","","","","","","","","",""
"2016","125","23.4","77.58","","","","","","","","","","","","","","","",""
"2016","126","23.35","79.63","","","","","","","","","","","","","","","",""
"2016","127","23.45","79.82","","","","","","","","","","","","","","","",""
"2016","128","23.41","82.42","","","","","","","","","","","","","","","",""
"2016","129","23.04","81.68","","","","","","","","","","","","","","","",""
"2016","130","22.51","83.72","","","","","","","","","","","","","","","",""
"2016","131","21.92","86.71","","","","","","","","","","","","","","","",""
"2016","132","23.03","80.28","","","","","","","","","","","","","","","",""
"2016","133","23.82","77.6","","","","","","","","","","","","","","","",""
"2016","134","24.31","76.11","","","","","","","","","","","","","","","",""
"2016","135","23.83","74.59","","","","","","","","","","","","","","","",""
"2016","136","24.29","73.37","","","","","","","","","","","","","","","",""
"2016","137","24.39","76.84","","","","","","","","","","","","","","","",""
"2016","138","23.95","75.74","","","","","","","","","","","","","","","",""
"2016","139","24.03","72.81","","","","","","","","","","","","","","","",""
"2016","140","24.23","71.41","","","","","","","","","","","","","","","",""
"2016","141","24.16","72.38","","","","","","","","","","","","","","","",""
"2016","142","24.43","71.04","","","","","","","","","","","","","","","",""
"2016","143","24.74","70.83","","","","","","","","","","","","","","","",""
"2016","144","24.88","70.12","","","","","","","","","","","","","","","",""
"2016","145","24.39","72.11","","","","","","","","","","","","","","","",""
"2016","146","24.82","68.13","","","","","","","","","","","","","","","",""
"2016","147","24.57","71.53","","","","","","","","","","","","","","","",""
"2016","148","24.72","68.68","","","","","","","","","","","","","","","",""
"2016","149","23.83","69.34","","","","","","","","","","","","","","","",""
"2016","150","23.67","72.55","","","","","","","","","","","","","","","",""
"2016","151","23.66","70.67","","","","","","","","","","","","","","","",""
"2016","152","22.55","77.51","","","","","","","","","","","","","","","",""
"2016","153","23.17","78.86","","","","","","","","","","","","","","","",""
"2016","154","22.64","78.05","","","","","","","","","","","","","","","",""
"2016","155","23.05","76.1","","","","","","","","","","","","","","","",""
"2016","156","23.5","73.15","","","","","","","","","","","","","","","",""
"2016","157","23.58","69.85","","","","","","","","","","","","","","","",""
"2016","158","22.1","74.82","","","","","","","","","","","","","","","",""
"2016","159","22.83","70.6","","","","","","","","","","","","","","","",""
"2016","160","23.15","70.81","","","","","","","","","","","","","","","",""
"2016","161","23.11","70.33","","","","","","","","","","","","","","","",""
"2016","162","23.08","69.9","","","","","","","","","","","","","","","",""
"2016","163","23.7","64.2","","","","","","","","","","","","","","","",""
"2016","164","23.87","66.2","","","","","","","","","","","","","","","",""
"2016","165","23.02","72.11","","","","","","","","","","","","","","","",""
"2016","166","23.84","64.44","","","","","","","","","","","","","","","",""
"2016","167","23.92","63.69","","","","","","","","","","","","","","","",""
"2016","168","24.25","64.98","","","","","","","","","","","","","","","",""
"2016","169","23.89","67.95","","","","","","","","","","","","","","","",""
"2016","170","24.22","64.9","","","","","","","","","","","","","","","",""
"2016","171","23.66","66.74","","","","","","","","","","","","","","","",""
"2016","172","23.89","67.57","","","","","","","","","","","","","","","",""
"2016","173","23.9","66.6","","","","","","","","","","","","","","","",""
"2016","174","23.72","66.3","","","","","","","","","","","","","","","",""
"2016","175","23.86","65.61","","","","","","","","","","","","","","","",""
"2016","176","23.83","64.95","","","","","","","","","","","","","","","",""
"2016","177","24.4","63.95","","","","","","","","","","","","","","","",""
"2016","178","24.18","62.98","","","","","","","","","","","","","","","",""
"2016","179","25.29","61.02","","","","","","","","","","","","","","","",""
"2016","180","24.91","60.7","","","","","","","","","","","","","","","",""
"2016","181","25.18","61.17","","","","","","","","","","","","","","","",""
"2016","182","25.1","58.61","","","","","","","","","","","","","","","",""
"2016","183","24","61.93","","","","","","","","","","","","","","","",""
"2016","184","23.58","65.44","","","","","","","","","","","","","","","",""
"2016","185","24.31","62.77","","","","","","","","","","","","","","","",""
"2016","186","24.22","63.86","","","","","","","","","","","","","","","",""
"2016","187","24.01","64.29","","","","","","","","","","","","","","","",""
"2016","188","24.68","62.11","","","","","","","","","","","","","","","",""
"2016","189","25.15","61.01","","","","","","","","","","","","","","","",""
"2016","190","25.16","60.78","","","","","","","","","","","","","","","",""
"2016","191","24.89","60.58","","","","","","","","","","","","","","","",""
"2016","192","24.44","63.38","","","","","","","","","","","","","","","",""
"2016","193","24.69","61.47","","","","","","","","","","","","","","","",""
"2016","194","24.56","62.15","","","","","","","","","","","","","","","",""
"2016","195","23.34","66.16","","","","","","","","","","","","","","","",""
"2016","196","23.31","67.95","","","","","","","","","","","","","","","",""
"2016","197","23.32","65.19","","","","","","","","","","","","","","","",""
"2016","198","23.81","60.83","","","","","","","","","","","","","","","",""
"2016","199","23.46","63.03","","","","","","","","","","","","","","","",""
"2016","200","24.25","59.36","","","","","","","","","","","","","","","",""
"2016","201","24.22","61.48","","","","","","","","","","","","","","","",""
"2016","202","23.73","63.52","","","","","","","","","","","","","","","",""
"2016","203","24.33","61.43","","","","","","","","","","","","","","","",""
"2016","204","24.13","59.48","","","","","","","","","","","","","","","",""
"2016","205","23.63","62.29","","","","","","","","","","","","","","","",""
"2016","206","23.74","63.49","","","","","","","","","","","","","","","",""
"2016","207","24.3","60.72","","","","","","","","","","","","","","","",""
"2016","208","24.39","62.15","","","","","","","","","","","","","","","",""
"2016","209","24.58","58.59","","","","","","","","","","","","","","","",""
"2016","210","24.3","57.32","","","","","","","","","","","","","","","",""
"2016","211","23.82","60.7","","","","","","","","","","","","","","","",""
"2016","212","23.89","58.8","","","","","","","","","","","","","","","",""
"2016","213","24.55","58.7","","","","","","","","","","","","","","","",""
"2016","214","24.67","58.69","","","","","","","","","","","","","","","",""
"2016","215","24.56","58.77","","","","","","","","","","","","","","","",""
"2016","216","24.56","57.79","","","","","","","","","","","","","","","",""
"2016","217","24.77","57.84","","","","","","","","","","","","","","","",""
"2016","218","24.67","57.58","","","","","","","","","","","","","","","",""
"2016","219","24.68","58.19","","","","","","","","","","","","","","","",""
"2016","220","23.89","62.38","","","","","","","","","","","","","","","",""
"2016","221","24.52","59.58","","","","","","","","","","","","","","","",""
"2016","222","24.46","57.66","","","","","","","","","","","","","","","",""
"2016","223","24.74","55.72","","","","","","","","","","","","","","","",""
"2016","224","24.47","58.64","","","","","","","","","","","","","","","",""
"2016","225","24.49","60.35","","","","","","","","","","","","","","","",""
"2016","226","24.36","59.61","","","","","","","","","","","","","","","",""
"2016","227","24.61","56.84","","","","","","","","","","","","","","","",""
"2016","228","24.09","57.53","","","","","","","","","","","","","","","",""
"2016","229","23.86","59.8","","","","","","","","","","","","","","","",""
"2016","230","24.06","61.81","","","","","","","","","","","","","","","",""
"2016","231","24.59","60.74","","","","","","","","","","","","","","","",""
"2016","232","25.05","57.52","","","","","","","","","","","","","","","",""
"2016","233","25.16","54.89","","","","","","","","","","","","","","","",""
"2016","234","25.66","49.81","","","","","","","","","","","","","","","",""
"2016","235","25.65","54.59","","","","","","","","","","","","","","","",""
"2016","236","25.23","51.86","","","","","","","","","","","","","","","",""
"2016","237","24.74","55.37","","","","","","","","","","","","","","","",""
"2016","238","24.38","53.97","","","","","","","","","","","","","","","",""
"2016","239","23.62","54.92","","","","","","","","","","","","","","","",""
"2016","240","24.69","53.46","","","","","","","","","","","","","","","",""
"2016","241","24.47","58.17","","","","","","","","","","","","","","","",""
"2016","242","24.11","58.76","","","","","","","","","","","","","","","",""
"2016","243","24.17","57.09","","","","","","","","","","","","","","","",""
"2016","244","23.14","63.63","","","","","","","","","","","","","","","",""
"2016","245","23.71","61.28","","","","","","","","","","","","","","","",""
"2016","246","24.51","57.57","","","","","","","","","","","","","","","",""
"2016","247","24.46","60.1","","","","","","","","","","","","","","","",""
"2016","248","24.35","59.72","","","","","","","","","","","","","","","",""
"2016","249","24.42","58.99","","","","","","","","","","","","","","","",""
"2016","250","25.31","56.27","","","","","","","","","","","","","","","",""
"2016","251","25.05","53.57","","","","","","","","","","","","","","","",""
"2016","252","25.16","53.38","","","","","","","","","","","","","","","",""
"2016","253","24.6","58.51","","","","","","","","","","","","","","","",""
"2016","254","24.5","55.5","","","","","","","","","","","","","","","",""
"2016","255","24.18","56.97","","","","","","","","","","","","","","","",""
"2016","256","24.18","56.33","","","","","","","","","","","","","","","",""
"2016","257","23.68","64.59","","","","","","","","","","","","","","","",""
"2016","258","23.55","67.32","","","","","","","","","","","","","","","",""
"2016","259","23.89","64.53","","","","","","","","","","","","","","","",""
"2016","260","24.88","58.54","","","","","","","","","","","","","","","",""
"2016","261","24.53","62.61","","","","","","","","","","","","","","","",""
"2016","262","24.43","62.78","","","","","","","","","","","","","","","",""
"2016","263","25.15","58.92","","","","","","","","","","","","","","","",""
"2016","264","25.08","60.9","","","","","","","","","","","","","","","",""
"2016","265","24.74","57.08","","","","","","","","","","","","","","","",""
"2016","266","24.26","62.04","","","","","","","","","","","","","","","",""
"2016","267","24.87","60.22","","","","","","","","","","","","","","","",""
"2016","268","24.93","60.88","","","","","","","","","","","","","","","",""
"2016","269","24.25","60.11","","","","","","","","","","","","","","","",""
"2016","270","24.93","57.1","","","","","","","","","","","","","","","",""
"2016","271","25.1","57.66","","","","","","","","","","","","","","","",""
"2016","272","24.64","60.16","","","","","","","","","","","","","","","",""
"2016","273","24.65","59.98","","","","","","","","","","","","","","","",""
"2016","274","23.6","63.34","","","","","","","","","","","","","","","",""
"2016","275","23.51","64.94","","","","","","","","","","","","","","","",""
"2016","276","23.87","62.12","","","","","","","","","","","","","","","",""
"2016","277","24.26","60.04","","","","","","","","","","","","","","","",""
"2016","278","23.57","63.42","","","","","","","","","","","","","","","",""
"2016","279","22.99","67.43","","","","","","","","","","","","","","","",""
"2016","280","23.25","66.59","","","","","","","","","","","","","","","",""
"2016","281","22.98","65.34","","","","","","","","","","","","","","","",""
"2016","282","23.37","62.17","","","","","","","","","","","","","","","",""
"2016","283","23.09","64.98","","","","","","","","","","","","","","","",""
"2016","284","23.03","63.85","","","","","","","","","","","","","","","",""
"2016","285","23.44","61.67","","","","","","","","","","","","","","","",""
"2016","286","23.16","64.17","","","","","","","","","","","","","","","",""
"2016","287","24.23","61.14","","","","","","","","","","","","","","","",""
"2016","288","24.45","60.13","","","","","","","","","","","","","","","",""
"2016","289","24.5","58.65","","","","","","","","","","","","","","","",""
"2016","290","24.14","58.71","","","","","","","","","","","","","","","",""
"2016","291","24.31","58.6","","","","","","","","","","","","","","","",""
"2016","292","24.03","58.28","","","","","","","","","","","","","","","",""
"2016","293","23.92","56.77","","","","","","","","","","","","","","","",""
"2016","294","23.9","56.48","","","","","","","","","","","","","","","",""
"2016","295","24.01","57.93","","","","","","","","","","","","","","","",""
"2016","296","23.56","59.9","","","","","","","","","","","","","","","",""
"2016","297","23.83","59.98","","","","","","","","","","","","","","","",""
"2016","298","23.39","61.33","","","","","","","","","","","","","","","",""
"2016","299","23.15","64.48","","","","","","","","","","","","","","","",""
"2016","300","23.89","61.02","","","","","","","","","","","","","","","",""
"2016","301","23.74","59.47","","","","","","","","","","","","","","","",""
"2016","302","23.27","62.97","","","","","","","","","","","","","","","",""
"2016","303","24.13","53.98","","","","","","","","","","","","","","","",""
"2016","304","23.79","53.17","","","","","","","","","","","","","","","",""
"2016","305","22.89","59.42","","","","","","","","","","","","","","","",""
"2016","306","22.88","61.91","","","","","","","","","","","","","","","",""
"2016","307","22.71","60.73","","","","","","","","","","","","","","","",""
"2016","308","22.97","59.65","","","","","","","","","","","","","","","",""
"2016","309","23.58","60.96","","","","","","","","","","","","","","","",""
"2016","310","24.25","57.73","","","","","","","","","","","","","","","",""
"2016","311","23.99","60.96","","","","","","","","","","","","","","","",""
"2016","312","23.5","60.65","","","","","","","","","","","","","","","",""
"2016","313","23.72","61.24","","","","","","","","","","","","","","","",""
"2016","314","24.1","62.31","","","","","","","","","","","","","","","",""
"2016","315","23.19","65.56","","","","","","","","","","","","","","","",""
"2016","316","23.09","68.64","","","","","","","","","","","","","","","",""
"2016","317","23.73","67.85","","","","","","","","","","","","","","","",""
"2016","318","22.72","69.01","","","","","","","","","","","","","","","",""
"2016","319","22.74","67.51","","","","","","","","","","","","","","","",""
"2016","320","23.04","64.14","","","","","","","","","","","","","","","",""
"2016","321","22.92","61.57","","","","","","","","","","","","","","","",""
"2016","322","23.61","57.05","","","","","","","","","","","","","","","",""
"2016","323","23.62","58.86","","","","","","","","","","","","","","","",""
"2016","324","22.61","63.39","","","","","","","","","","","","","","","",""
"2016","325","22.92","63.1","","","","","","","","","","","","","","","",""
"2016","326","23.03","60.91","","","","","","","","","","","","","","","",""
"2016","327","22.34","60.09","","","","","","","","","","","","","","","",""
"2016","328","22.79","62.71","","","","","","","","","","","","","","","",""
"2016","329","22.28","63.13","","","","","","","","","","","","","","","",""
"2016","330","22.07","66.56","","","","","","","","","","","","","","","",""
"2016","331","23.36","64.21","","","","","","","","","","","","","","","",""
"2016","332","22.48","62.87","","","","","","","","","","","","","","","",""
"2016","333","22.79","66.68","","","","","","","","","","","","","","","",""
"2016","334","23.05","65.5","","","","","","","","","","","","","","","",""
"2016","335","24.45","59.81","","","","","","","","","","","","","","","",""
"2016","336","24.04","61.37","","","","","","","","","","","","","","","",""
"2016","337","23.05","65.09","","","","","","","","","","","","","","","",""
"2016","338","23.46","66.97","","","","","","","","","","","","","","","",""
"2016","339","23.31","67.17","","","","","","","","","","","","","","","",""
"2016","340","23.13","67.95","","","","","","","","","","","","","","","",""
"2016","341","22.82","68.83","","","","","","","","","","","","","","","",""
"2016","342","23.63","68.5","","","","","","","","","","","","","","","",""
"2016","343","22.95","69.74","","","","","","","","","","","","","","","",""
"2016","344","23.05","66.45","","","","","","","","","","","","","","","",""
"2016","345","23.71","62.81","","","","","","","","","","","","","","","",""
"2016","346","23.74","62.68","","","","","","","","","","","","","","","",""
"2016","347","23.74","64.64","","","","","","","","","","","","","","","",""
"2016","348","23.91","66.55","","","","","","","","","","","","","","","",""
"2016","349","23.86","67.2","","","","","","","","","","","","","","","",""
"2016","350","23.73","67.01","","","","","","","","","","","","","","","",""
"2016","351","22.74","71.4","","","","","","","","","","","","","","","",""
"2016","352","23.72","67.13","","","","","","","","","","","","","","","",""
"2016","353","24.16","65.15","","","","","","","","","","","","","","","",""
"2016","354","23.99","64.09","","","","","","","","","","","","","","","",""
"2016","355","23.47","67.14","","","","","","","","","","","","","","","",""
"2016","356","23.22","66.55","","","","","","","","","","","","","","","",""
"2016","357","23.18","64.91","","","","","","","","","","","","","","","",""
"2016","358","23.58","63.62","","","","","","","","","","","","","","","",""
"2016","359","23.71","61.53","","","","","","","","","","","","","","","",""
"2016","360","23.53","64.78","","","","","","","","","","","","","","","",""
"2016","361","23.93","64.43","","","","","","","","","","","","","","","",""
"2016","362","24.22","64.7","","","","","","","","","","","","","","","",""
"2016","363","24.19","66.35","","","","","","","","","","","","","","","",""
"2016","364","24.43","65.21","","","","","","","","","","","","","","","",""
"2016","365","23.42","70.11","","","","","","","","","","","","","","","",""
"2016","366","23.68","69.78","","","","","","","","","","","","","","","",""
"2017","1","23.31","71.55","","","","","","","","","","","","","","","",""
"2017","2","24.35","66.21","","","","","","","","","","","","","","","",""
"2017","3","25.14","63.33","","","","","","","","","","","","","","","",""
"2017","4","24.46","67.9","","","","","","","","","","","","","","","",""
"2017","5","23.28","73.6","","","","","","","","","","","","","","","",""
"2017","6","23.75","71.98","","","","","","","","","","","","","","","",""
"2017","7","23.76","72.37","","","","","","","","","","","","","","","",""
"2017","8","22.96","79.62","","","","","","","","","","","","","","","",""
"2017","9","21.98","85.21","","","","","","","","","","","","","","","",""
"2017","10","22.33","81.04","","","","","","","","","","","","","","","",""
"2017","11","22.57","81.97","","","","","","","","","","","","","","","",""
"2017","12","22.91","78.55","","","","","","","","","","","","","","","",""
"2017","13","22.58","79.66","","","","","","","","","","","","","","","",""
"2017","14","21.83","82.62","","","","","","","","","","","","","","","",""
"2017","15","21.05","82.44","","","","","","","","","","","","","","","",""
"2017","16","22.34","77.7","","","","","","","","","","","","","","","",""
"2017","17","22.65","79.58","","","","","","","","","","","","","","","",""
"2017","18","22.99","79.18","","","","","","","","","","","","","","","",""
"2017","19","22.07","82.21","","","","","","","","","","","","","","","",""
"2017","20","20.67","86.51","","","","","","","","","","","","","","","",""
"2017","21","20.59","84.2","","","","","","","","","","","","","","","",""
"2017","22","22.56","74.58","","","","","","","","","","","","","","","",""
"2017","23","22.6","79.33","","","","","","","","","","","","","","","",""
"2017","24","22.52","77.89","","","","","","","","","","","","","","","",""
"2017","25","21.88","81.97","","","","","","","","","","","","","","","",""
"2017","26","21.04","87.31","","","","","","","","","","","","","","","",""
"2017","27","22.09","81.06","","","","","","","","","","","","","","","",""
"2017","28","23.55","76.78","","","","","","","","","","","","","","","",""
"2017","29","23.11","80.34","","","","","","","","","","","","","","","",""
"2017","30","22.46","86.8","","","","","","","","","","","","","","","",""
"2017","31","22.21","87.19","","","","","","","","","","","","","","","",""
"2017","32","22.51","85.76","","","","","","","","","","","","","","","",""
"2017","33","22.24","88.14","","","","","","","","","","","","","","","",""
"2017","34","22.92","84.13","","","","","","","","","","","","","","","",""
"2017","35","23.46","83.15","","","","","","","","","","","","","","","",""
"2017","36","23.46","83.27","","","","","","","","","","","","","","","",""
"2017","37","23.31","83.71","","","","","","","","","","","","","","","",""
"2017","38","23.35","85.05","","","","","","","","","","","","","","","",""
"2017","39","23.07","85.37","","","","","","","","","","","","","","","",""
"2017","40","23.17","83.62","","","","","","","","","","","","","","","",""
"2017","41","21.87","90.82","","","","","","","","","","","","","","","",""
"2017","42","22.36","88.14","","","","","","","","","","","","","","","",""
"2017","43","22.43","90.37","","","","","","","","","","","","","","","",""
"2017","44","22.32","88.67","","","","","","","","","","","","","","","",""
"2017","45","21.71","87.24","","","","","","","","","","","","","","","",""
"2017","46","22.2","85.03","","","","","","","","","","","","","","","",""
"2017","47","22.03","90.35","","","","","","","","","","","","","","","",""
"2017","48","21.83","90.13","","","","","","","","","","","","","","","",""
"2017","49","22.08","83.85","","","","","","","","","","","","","","","",""
"2017","50","22.03","87.91","","","","","","","","","","","","","","","",""
"2017","51","21.47","89.89","","","","","","","","","","","","","","","",""
"2017","52","21.51","87.52","","","","","","","","","","","","","","","",""
"2017","53","21.46","90.42","","","","","","","","","","","","","","","",""
"2017","54","21.7","89.49","","","","","","","","","","","","","","","",""
"2017","55","21.77","89.25","","","","","","","","","","","","","","","",""
"2017","56","21.58","88.19","","","","","","","","","","","","","","","",""
"2017","57","21.55","89.56","","","","","","","","","","","","","","","",""
"2017","58","21.87","80.5","","","","","","","","","","","","","","","",""
"2017","59","22.14","86.99","","","","","","","","","","","","","","","",""
"2017","60","21.39","91.61","","","","","","","","","","","","","","","",""
"2017","61","22.25","88.92","","","","","","","","","","","","","","","",""
"2017","62","22.35","86.17","","","","","","","","","","","","","","","",""
"2017","63","23.3","82.29","","","","","","","","","","","","","","","",""
"2017","64","23","86.54","","","","","","","","","","","","","","","",""
"2017","65","22.58","87.42","","","","","","","","","","","","","","","",""
"2017","66","21.73","90.11","","","","","","","","","","","","","","","",""
"2017","67","22.23","88.87","","","","","","","","","","","","","","","",""
"2017","68","22.26","88.04","","","","","","","","","","","","","","","",""
"2017","69","22.67","86.24","","","","","","","","","","","","","","","",""
"2017","70","22.11","90.94","","","","","","","","","","","","","","","",""
"2017","71","22.62","85.79","","","","","","","","","","","","","","","",""
"2017","72","22.14","89.21","","","","","","","","","","","","","","","",""
"2017","73","21.67","89.26","","","","","","","","","","","","","","","",""
"2017","74","21.56","81.12","","","","","","","","","","","","","","","",""
"2017","75","22.31","86.42","","","","","","","","","","","","","","","",""
"2017","76","22","90.66","","","","","","","","","","","","","","","",""
"2017","77","21.44","93.56","","","","","","","","","","","","","","","",""
"2017","78","21.61","90.82","","","","","","","","","","","","","","","",""
"2017","79","22.55","87.51","","","","","","","","","","","","","","","",""
"2017","80","22.44","88.85","","","","","","","","","","","","","","","",""
"2017","81","21.61","88.65","","","","","","","","","","","","","","","",""
"2017","82","22.19","89.09","","","","","","","","","","","","","","","",""
"2017","83","21.66","92.93","","","","","","","","","","","","","","","",""
"2017","84","21.79","91.03","","","","","","","","","","","","","","","",""
"2017","85","22.02","87.42","","","","","","","","","","","","","","","",""
"2017","86","21.65","92.3","","","","","","","","","","","","","","","",""
"2017","87","22.55","86.28","","","","","","","","","","","","","","","",""
"2017","88","22.07","91.04","","","","","","","","","","","","","","","",""
"2017","89","21.43","93.16","","","","","","","","","","","","","","","",""
"2017","90","21.01","93.05","","","","","","","","","","","","","","","",""
"2017","91","22.89","81.05","","","","","","","","","","","","","","","",""
"2017","92","22.86","87.06","","","","","","","","","","","","","","","",""
"2017","93","22.85","87.73","","","","","","","","","","","","","","","",""
"2017","94","23.08","87.31","","","","","","","","","","","","","","","",""
"2017","95","23.47","81.71","","","","","","","","","","","","","","","",""
"2017","96","23.11","86.66","","","","","","","","","","","","","","","",""
"2017","97","23.1","86.11","","","","","","","","","","","","","","","",""
"2017","98","22.14","89.67","","","","","","","","","","","","","","","",""
"2017","99","21.61","92.07","","","","","","","","","","","","","","","",""
"2017","100","22.12","91.77","","","","","","","","","","","","","","","",""
"2017","101","22.33","89.82","","","","","","","","","","","","","","","",""
"2017","102","22.36","89.17","","","","","","","","","","","","","","","",""
"2017","103","22.84","85.17","","","","","","","","","","","","","","","",""
"2017","104","22.8","83.46","","","","","","","","","","","","","","","",""
"2017","105","23.59","83.4","","","","","","","","","","","","","","","",""
"2017","106","23.3","84.27","","","","","","","","","","","","","","","",""
"2017","107","23.29","84.25","","","","","","","","","","","","","","","",""
"2017","108","22.68","89.03","","","","","","","","","","","","","","","",""
"2017","109","21.71","92.14","","","","","","","","","","","","","","","",""
"2017","110","22.28","84.87","","","","","","","","","","","","","","","",""
"2017","111","22.95","82.43","","","","","","","","","","","","","","","",""
"2017","112","23.13","89.41","","","","","","","","","","","","","","","",""
"2017","113","23.51","81.72","","","","","","","","","","","","","","","",""
"2017","114","22.98","85.81","","","","","","","","","","","","","","","",""
"2017","115","22.57","86.93","","","","","","","","","","","","","","","",""
"2017","116","22.56","86.76","","","","","","","","","","","","","","","",""
"2017","117","22.41","88.08","","","","","","","","","","","","","","","",""
"2017","118","22.85","81.46","","","","","","","","","","","","","","","",""
"2017","119","22.86","84.48","","","","","","","","","","","","","","","",""
"2017","120","22.28","86.45","","","","","","","","","","","","","","","",""
"2017","121","22.48","86.05","","","","","","","","","","","","","","","",""
"2017","122","22.62","86.46","","","","","","","","","","","","","","","",""
"2017","123","22.41","84.96","","","","","","","","","","","","","","","",""
"2017","124","22.39","88.14","","","","","","","","","","","","","","","",""
"2017","125","22.1","87.96","","","","","","","","","","","","","","","",""
"2017","126","22","85.79","","","","","","","","","","","","","","","",""
"2017","127","21.56","91.95","","","","","","","","","","","","","","","",""
"2017","128","21.24","91.55","","","","","","","","","","","","","","","",""
"2017","129","22.01","90.31","","","","","","","","","","","","","","","",""
"2017","130","22.01","92.11","","","","","","","","","","","","","","","",""
"2017","131","22.08","86.46","","","","","","","","","","","","","","","",""
"2017","132","22.3","86.47","","","","","","","","","","","","","","","",""
"2017","133","22.26","89.52","","","","","","","","","","","","","","","",""
"2017","134","22.55","90.54","","","","","","","","","","","","","","","",""
"2017","135","21.92","92.86","","","","","","","","","","","","","","","",""
"2017","136","22.61","87.45","","","","","","","","","","","","","","","",""
"2017","137","22.6","84.99","","","","","","","","","","","","","","","",""
"2017","138","22.89","84.36","","","","","","","","","","","","","","","",""
"2017","139","22.41","87.42","","","","","","","","","","","","","","","",""
"2017","140","21.99","87.93","","","","","","","","","","","","","","","",""
"2017","141","22.49","84.08","","","","","","","","","","","","","","","",""
"2017","142","22.08","85.58","","","","","","","","","","","","","","","",""
"2017","143","23.09","81.3","","","","","","","","","","","","","","","",""
"2017","144","22.88","81.57","","","","","","","","","","","","","","","",""
"2017","145","22.4","81.58","","","","","","","","","","","","","","","",""
"2017","146","22.51","82.21","","","","","","","","","","","","","","","",""
"2017","147","22.83","80.39","","","","","","","","","","","","","","","",""
"2017","148","22.49","80.84","","","","","","","","","","","","","","","",""
"2017","149","22.02","80.33","","","","","","","","","","","","","","","",""
"2017","150","22.23","80.25","","","","","","","","","","","","","","","",""
"2017","151","22.36","80.77","","","","","","","","","","","","","","","",""
"2017","152","22.7","81.54","","","","","","","","","","","","","","","",""
"2017","153","23.1","81.74","","","","","","","","","","","","","","","",""
"2017","154","22.66","82.29","","","","","","","","","","","","","","","",""
"2017","155","22.3","80.53","","","","","","","","","","","","","","","",""
"2017","156","22.47","80.85","","","","","","","","","","","","","","","",""
"2017","157","22.21","80.14","","","","","","","","","","","","","","","",""
"2017","158","21.53","80.98","","","","","","","","","","","","","","","",""
"2017","159","21.19","86.32","","","","","","","","","","","","","","","",""
"2017","160","22.19","85.69","","","","","","","","","","","","","","","",""
"2017","161","22.48","82.83","","","","","","","","","","","","","","","",""
"2017","162","22.15","86.63","","","","","","","","","","","","","","","",""
"2017","163","21.81","87.13","","","","","","","","","","","","","","","",""
"2017","164","22.12","84.64","","","","","","","","","","","","","","","",""
"2017","165","21.97","80.31","","","","","","","","","","","","","","","",""
"2017","166","22.18","79.32","","","","","","","","","","","","","","","",""
"2017","167","21.92","81.51","","","","","","","","","","","","","","","",""
"2017","168","21.82","82.37","","","","","","","","","","","","","","","",""
"2017","169","22.06","83.35","","","","","","","","","","","","","","","",""
"2017","170","22.09","83.5","","","","","","","","","","","","","","","",""
"2017","171","21.46","85.83","","","","","","","","","","","","","","","",""
"2017","172","22.19","81.47","","","","","","","","","","","","","","","",""
"2017","173","22.36","80.47","","","","","","","","","","","","","","","",""
"2017","174","22.57","79.52","","","","","","","","","","","","","","","",""
"2017","175","22.55","79.95","","","","","","","","","","","","","","","",""
"2017","176","22.28","79.24","","","","","","","","","","","","","","","",""
"2017","177","21.78","81.32","","","","","","","","","","","","","","","",""
"2017","178","21.74","82.91","","","","","","","","","","","","","","","",""
"2017","179","22.01","82.63","","","","","","","","","","","","","","","",""
"2017","180","22.15","80.76","","","","","","","","","","","","","","","",""
"2017","181","22.94","75.98","","","","","","","","","","","","","","","",""
"2017","182","23.18","73.5","","","","","","","","","","","","","","","",""
"2017","183","22.52","76.05","","","","","","","","","","","","","","","",""
"2017","184","22.85","72.75","","","","","","","","","","","","","","","",""
"2017","185","22.79","74.14","","","","","","","","","","","","","","","",""
"2017","186","22.79","75.46","","","","","","","","","","","","","","","",""
"2017","187","23.08","72.63","","","","","","","","","","","","","","","",""
"2017","188","23.06","72.47","","","","","","","","","","","","","","","",""
"2017","189","22.88","71.9","","","","","","","","","","","","","","","",""
"2017","190","22.88","71.09","","","","","","","","","","","","","","","",""
"2017","191","22.8","68.65","","","","","","","","","","","","","","","",""
"2017","192","23.21","66.78","","","","","","","","","","","","","","","",""
"2017","193","23.09","64.85","","","","","","","","","","","","","","","",""
"2017","194","22.6","65.37","","","","","","","","","","","","","","","",""
"2017","195","22.18","69.58","","","","","","","","","","","","","","","",""
"2017","196","22.42","72.09","","","","","","","","","","","","","","","",""
"2017","197","22.07","71.28","","","","","","","","","","","","","","","",""
"2017","198","22.27","70.26","","","","","","","","","","","","","","","",""
"2017","199","22.57","70.62","","","","","","","","","","","","","","","",""
"2017","200","22.69","71.72","","","","","","","","","","","","","","","",""
"2017","201","23.15","70.06","","","","","","","","","","","","","","","",""
"2017","202","23.59","66.72","","","","","","","","","","","","","","","",""
"2017","203","22.81","68.16","","","","","","","","","","","","","","","",""
"2017","204","23.48","64.26","","","","","","","","","","","","","","","",""
"2017","205","23.66","66.46","","","","","","","","","","","","","","","",""
"2017","206","23.58","66.67","","","","","","","","","","","","","","","",""
"2017","207","23.54","66.01","","","","","","","","","","","","","","","",""
"2017","208","23.6","63.64","","","","","","","","","","","","","","","",""
"2017","209","23.25","65.75","","","","","","","","","","","","","","","",""
"2017","210","23.52","65.81","","","","","","","","","","","","","","","",""
"2017","211","23.19","64.6","","","","","","","","","","","","","","","",""
"2017","212","23.37","64.45","","","","","","","","","","","","","","","",""
"2017","213","23.07","64.51","","","","","","","","","","","","","","","",""
"2017","214","23.71","66.67","","","","","","","","","","","","","","","",""
"2017","215","23.81","64.89","","","","","","","","","","","","","","","",""
"2017","216","23.19","65.13","","","","","","","","","","","","","","","",""
"2017","217","23.52","62.85","","","","","","","","","","","","","","","",""
"2017","218","23.83","61.21","","","","","","","","","","","","","","","",""
"2017","219","23.54","62.51","","","","","","","","","","","","","","","",""
"2017","220","23.53","65.12","","","","","","","","","","","","","","","",""
"2017","221","23.81","63.19","","","","","","","","","","","","","","","",""
"2017","222","23.5","62.71","","","","","","","","","","","","","","","",""
"2017","223","22.97","62.4","","","","","","","","","","","","","","","",""
"2017","224","23.19","63.52","","","","","","","","","","","","","","","",""
"2017","225","23.79","61.72","","","","","","","","","","","","","","","",""
"2017","226","24.15","58.99","","","","","","","","","","","","","","","",""
"2017","227","23.85","60.83","","","","","","","","","","","","","","","",""
"2017","228","23.98","63.33","","","","","","","","","","","","","","","",""
"2017","229","24","64.44","","","","","","","","","","","","","","","",""
"2017","230","23.36","65.03","","","","","","","","","","","","","","","",""
"2017","231","22.78","65.51","","","","","","","","","","","","","","","",""
"2017","232","23.5","65.55","","","","","","","","","","","","","","","",""
"2017","233","23.51","68.04","","","","","","","","","","","","","","","",""
"2017","234","24.11","62.54","","","","","","","","","","","","","","","",""
"2017","235","23.53","64.09","","","","","","","","","","","","","","","",""
"2017","236","24.11","62.32","","","","","","","","","","","","","","","",""
"2017","237","24.2","62.42","","","","","","","","","","","","","","","",""
"2017","238","23.19","67.71","","","","","","","","","","","","","","","",""
"2017","239","23.09","64.44","","","","","","","","","","","","","","","",""
"2017","240","23.31","62.37","","","","","","","","","","","","","","","",""
"2017","241","23.76","62.04","","","","","","","","","","","","","","","",""
"2017","242","24.84","59.78","","","","","","","","","","","","","","","",""
"2017","243","24.62","58.74","","","","","","","","","","","","","","","",""
"2017","244","24.58","60.65","","","","","","","","","","","","","","","",""
"2017","245","24.63","60.53","","","","","","","","","","","","","","","",""
"2017","246","24.89","59.04","","","","","","","","","","","","","","","",""
"2017","247","24.37","57.88","","","","","","","","","","","","","","","",""
"2017","248","24.27","57.67","","","","","","","","","","","","","","","",""
"2017","249","23.86","60.11","","","","","","","","","","","","","","","",""
"2017","250","23.52","59.4","","","","","","","","","","","","","","","",""
"2017","251","23.29","62.7","","","","","","","","","","","","","","","",""
"2017","252","23.13","66.36","","","","","","","","","","","","","","","",""
"2017","253","22.92","68.84","","","","","","","","","","","","","","","",""
"2017","254","22.89","66.21","","","","","","","","","","","","","","","",""
"2017","255","23.47","61.18","","","","","","","","","","","","","","","",""
"2017","256","23.91","60.56","","","","","","","","","","","","","","","",""
"2017","257","23.76","61.52","","","","","","","","","","","","","","","",""
"2017","258","23.99","62.08","","","","","","","","","","","","","","","",""
"2017","259","24.07","61.32","","","","","","","","","","","","","","","",""
"2017","260","25.14","58.84","","","","","","","","","","","","","","","",""
"2017","261","25.32","62.79","","","","","","","","","","","","","","","",""
"2017","262","24.9","57.66","","","","","","","","","","","","","","","",""
"2017","263","24.91","56.55","","","","","","","","","","","","","","","",""
"2017","264","24.64","58.6","","","","","","","","","","","","","","","",""
"2017","265","24.59","59.03","","","","","","","","","","","","","","","",""
"2017","266","24.32","60.29","","","","","","","","","","","","","","","",""
"2017","267","24.22","62.6","","","","","","","","","","","","","","","",""
"2017","268","24.22","64.66","","","","","","","","","","","","","","","",""
"2017","269","24.25","59.8","","","","","","","","","","","","","","","",""
"2017","270","24.75","60.96","","","","","","","","","","","","","","","",""
"2017","271","23.83","65.63","","","","","","","","","","","","","","","",""
"2017","272","24.2","62.4","","","","","","","","","","","","","","","",""
"2017","273","23.94","65.13","","","","","","","","","","","","","","","",""
"2017","274","24.19","63.37","","","","","","","","","","","","","","","",""
"2017","275","23.75","65.47","","","","","","","","","","","","","","","",""
"2017","276","22.44","73.55","","","","","","","","","","","","","","","",""
"2017","277","21.66","77.79","","","","","","","","","","","","","","","",""
"2017","278","22.61","73.89","","","","","","","","","","","","","","","",""
"2017","279","23.11","70.08","","","","","","","","","","","","","","","",""
"2017","280","23.73","66.85","","","","","","","","","","","","","","","",""
"2017","281","24.36","64.8","","","","","","","","","","","","","","","",""
"2017","282","23.49","67.33","","","","","","","","","","","","","","","",""
"2017","283","24.12","62.01","","","","","","","","","","","","","","","",""
"2017","284","23.86","62.83","","","","","","","","","","","","","","","",""
"2017","285","23.9","62.6","","","","","","","","","","","","","","","",""
"2017","286","23.83","61.99","","","","","","","","","","","","","","","",""
"2017","287","24.64","59.21","","","","","","","","","","","","","","","",""
"2017","288","24.66","62.64","","","","","","","","","","","","","","","",""
"2017","289","25.2","64.71","","","","","","","","","","","","","","","",""
"2017","290","25.73","59.27","","","","","","","","","","","","","","","",""
"2017","291","25.55","59.26","","","","","","","","","","","","","","","",""
"2017","292","25.59","57.36","","","","","","","","","","","","","","","",""
"2017","293","24.83","60.81","","","","","","","","","","","","","","","",""
"2017","294","24.4","62.36","","","","","","","","","","","","","","","",""
"2017","295","24.79","61.13","","","","","","","","","","","","","","","",""
"2017","296","23.88","66.17","","","","","","","","","","","","","","","",""
"2017","297","24.3","63.76","","","","","","","","","","","","","","","",""
"2017","298","24.34","65.22","","","","","","","","","","","","","","","",""
"2017","299","23.71","65.98","","","","","","","","","","","","","","","",""
"2017","300","23.52","67.15","","","","","","","","","","","","","","","",""
"2017","301","21.79","72.55","","","","","","","","","","","","","","","",""
"2017","302","22.4","72.34","","","","","","","","","","","","","","","",""
"2017","303","23.32","67.07","","","","","","","","","","","","","","","",""
"2017","304","23.37","65.22","","","","","","","","","","","","","","","",""
"2017","305","23.02","68.21","","","","","","","","","","","","","","","",""
"2017","306","24.01","65.42","","","","","","","","","","","","","","","",""
"2017","307","23.8","63.38","","","","","","","","","","","","","","","",""
"2017","308","23.16","62.65","","","","","","","","","","","","","","","",""
"2017","309","23.41","58.1","","","","","","","","","","","","","","","",""
"2017","310","22.84","61.25","","","","","","","","","","","","","","","",""
"2017","311","22.56","63.24","","","","","","","","","","","","","","","",""
"2017","312","22.3","64","","","","","","","","","","","","","","","",""
"2017","313","22.96","60.72","","","","","","","","","","","","","","","",""
"2017","314","22.51","59.52","","","","","","","","","","","","","","","",""
"2017","315","22.97","60.61","","","","","","","","","","","","","","","",""
"2017","316","22.89","60.19","","","","","","","","","","","","","","","",""
"2017","317","22.64","60.76","","","","","","","","","","","","","","","",""
"2017","318","22.78","60.94","","","","","","","","","","","","","","","",""
"2017","319","22.61","60.85","","","","","","","","","","","","","","","",""
"2017","320","22.32","61.29","","","","","","","","","","","","","","","",""
"2017","321","22.62","61.39","","","","","","","","","","","","","","","",""
"2017","322","22.8","61","","","","","","","","","","","","","","","",""
"2017","323","22.31","68.71","","","","","","","","","","","","","","","",""
"2017","324","22.26","68.65","","","","","","","","","","","","","","","",""
"2017","325","22.44","67.45","","","","","","","","","","","","","","","",""
"2017","326","22.68","61.35","","","","","","","","","","","","","","","",""
"2017","327","21.58","65.29","","","","","","","","","","","","","","","",""
"2017","328","22.42","63.91","","","","","","","","","","","","","","","",""
"2017","329","22.95","65.01","","","","","","","","","","","","","","","",""
"2017","330","23.42","64.48","","","","","","","","","","","","","","","",""
"2017","331","23.64","63.27","","","","","","","","","","","","","","","",""
"2017","332","23.32","64.82","","","","","","","","","","","","","","","",""
"2017","333","23.64","60.71","","","","","","","","","","","","","","","",""
"2017","334","23.72","60.53","","","","","","","","","","","","","","","",""
"2017","335","23.06","65.6","","","","","","","","","","","","","","","",""
"2017","336","22.26","73.16","","","","","","","","","","","","","","","",""
"2017","337","23.96","68.8","","","","","","","","","","","","","","","",""
"2017","338","24.01","65.29","","","","","","","","","","","","","","","",""
"2017","339","24.19","65.32","","","","","","","","","","","","","","","",""
"2017","340","24.3","63.42","","","","","","","","","","","","","","","",""
"2017","341","23.96","65.14","","","","","","","","","","","","","","","",""
"2017","342","23.43","67.9","","","","","","","","","","","","","","","",""
"2017","343","23.06","67.98","","","","","","","","","","","","","","","",""
"2017","344","22.68","71.99","","","","","","","","","","","","","","","",""
"2017","345","22.96","70.52","","","","","","","","","","","","","","","",""
"2017","346","23.26","67.85","","","","","","","","","","","","","","","",""
"2017","347","23.56","65.76","","","","","","","","","","","","","","","",""
"2017","348","23.65","66.8","","","","","","","","","","","","","","","",""
"2017","349","24.08","65.98","","","","","","","","","","","","","","","",""
"2017","350","24.15","64.66","","","","","","","","","","","","","","","",""
"2017","351","24.19","63.28","","","","","","","","","","","","","","","",""
"2017","352","23.96","66.5","","","","","","","","","","","","","","","",""
"2017","353","23.48","68.99","","","","","","","","","","","","","","","",""
"2017","354","23.31","70.89","","","","","","","","","","","","","","","",""
"2017","355","23.11","70.2","","","","","","","","","","","","","","","",""
"2017","356","23.24","68.68","","","","","","","","","","","","","","","",""
"2017","357","23.47","67.75","","","","","","","","","","","","","","","",""
"2017","358","22.91","70.05","","","","","","","","","","","","","","","",""
"2017","359","21.38","77.24","","","","","","","","","","","","","","","",""
"2017","360","22.03","76.06","","","","","","","","","","","","","","","",""
"2017","361","22.07","75.84","","","","","","","","","","","","","","","",""
"2017","362","21.81","76.85","","","","","","","","","","","","","","","",""
"2017","363","21.86","78.34","","","","","","","","","","","","","","","",""
"2017","364","22.13","77.14","","","","","","","","","","","","","","","",""
"2017","365","21.33","79","","","","","","","","","","","","","","","",""
"2018","1","21.07","81.54","","","","","","","","","","","","","","","",""
"2018","2","21.82","78.06","","","","","","","","","","","","","","","",""
"2018","3","23.17","72.12","","","","","","","","","","","","","","","",""
"2018","4","23.16","71.11","","","","","","","","","","","","","","","",""
"2018","5","22.8","69.79","","","","","","","","","","","","","","","",""
"2018","6","22.34","72.82","","","","","","","","","","","","","","","",""
"2018","7","22.81","70.43","","","","","","","","","","","","","","","",""
"2018","8","23.01","70.22","","","","","","","","","","","","","","","",""
"2018","9","22.56","69.77","","","","","","","","","","","","","","","",""
"2018","10","22.15","67.79","","","","","","","","","","","","","","","",""
"2018","11","22.33","67.99","","","","","","","","","","","","","","","",""
"2018","12","22.94","65.96","","","","","","","","","","","","","","","",""
"2018","13","22.45","68.45","","","","","","","","","","","","","","","",""
"2018","14","21.43","74.49","","","","","","","","","","","","","","","",""
"2018","15","20.63","80.86","","","","","","","","","","","","","","","",""
"2018","16","21.88","77.58","","","","","","","","","","","","","","","",""
"2018","17","21.86","75.83","","","","","","","","","","","","","","","",""
"2018","18","21.99","73.56","","","","","","","","","","","","","","","",""
"2018","19","22.64","74.72","","","","","","","","","","","","","","","",""
"2018","20","22.4","76.82","","","","","","","","","","","","","","","",""
"2018","21","22.41","74.75","","","","","","","","","","","","","","","",""
"2018","22","22.93","74.88","","","","","","","","","","","","","","","",""
"2018","23","23.39","77.34","","","","","","","","","","","","","","","",""
"2018","24","23.76","72.29","","","","","","","","","","","","","","","",""
"2018","25","23.88","72.96","","","","","","","","","","","","","","","",""
"2018","26","23.7","73.3","","","","","","","","","","","","","","","",""
"2018","27","23.6","72.28","","","","","","","","","","","","","","","",""
"2018","28","23.78","73.07","","","","","","","","","","","","","","","",""
"2018","29","23.77","72.65","","","","","","","","","","","","","","","",""
"2018","30","23.56","73.57","","","","","","","","","","","","","","","",""
"2018","31","23.81","74.16","","","","","","","","","","","","","","","",""
"2018","32","24.15","73.25","","","","","","","","","","","","","","","",""
"2018","33","23.57","75.69","","","","","","","","","","","","","","","",""
"2018","34","22.02","84.34","","","","","","","","","","","","","","","",""
"2018","35","22.41","85.68","","","","","","","","","","","","","","","",""
"2018","36","22.54","84.66","","","","","","","","","","","","","","","",""
"2018","37","21.76","88.37","","","","","","","","","","","","","","","",""
"2018","38","22.05","87.82","","","","","","","","","","","","","","","",""
"2018","39","22","87.75","","","","","","","","","","","","","","","",""
"2018","40","22.04","87.49","","","","","","","","","","","","","","","",""
"2018","41","21.92","88.3","","","","","","","","","","","","","","","",""
"2018","42","22.19","86.74","","","","","","","","","","","","","","","",""
"2018","43","22.54","84.51","","","","","","","","","","","","","","","",""
"2018","44","22.25","87.15","","","","","","","","","","","","","","","",""
"2018","45","22.13","85.71","","","","","","","","","","","","","","","",""
"2018","46","22.42","86.05","","","","","","","","","","","","","","","",""
"2018","47","22.53","85.74","","","","","","","","","","","","","","","",""
"2018","48","22.43","85.27","","","","","","","","","","","","","","","",""
"2018","49","22.17","87.7","","","","","","","","","","","","","","","",""
"2018","50","21.28","90.46","","","","","","","","","","","","","","","",""
"2018","51","21.93","86.12","","","","","","","","","","","","","","","",""
"2018","52","22.18","89.41","","","","","","","","","","","","","","","",""
"2018","53","22.14","88.14","","","","","","","","","","","","","","","",""
"2018","54","21.83","88.02","","","","","","","","","","","","","","","",""
"2018","55","22.09","87.12","","","","","","","","","","","","","","","",""
"2018","56","21.97","84.81","","","","","","","","","","","","","","","",""
"2018","57","21.61","87.78","","","","","","","","","","","","","","","",""
"2018","58","21.49","87.17","","","","","","","","","","","","","","","",""
"2018","59","21.53","88.57","","","","","","","","","","","","","","","",""
"2018","60","21.96","86.08","","","","","","","","","","","","","","","",""
"2018","61","21.99","86.3","","","","","","","","","","","","","","","",""
"2018","62","22.2","87.03","","","","","","","","","","","","","","","",""
"2018","63","21.66","89.04","","","","","","","","","","","","","","","",""
"2018","64","21.54","88.07","","","","","","","","","","","","","","","",""
"2018","65","22.33","85.08","","","","","","","","","","","","","","","",""
"2018","66","22.71","83.4","","","","","","","","","","","","","","","",""
"2018","67","22.89","81.58","","","","","","","","","","","","","","","",""
"2018","68","22.67","81.05","","","","","","","","","","","","","","","",""
"2018","69","23.44","78.7","","","","","","","","","","","","","","","",""
"2018","70","23.55","77.94","","","","","","","","","","","","","","","",""
"2018","71","23.3","80.02","","","","","","","","","","","","","","","",""
"2018","72","23.07","77.47","","","","","","","","","","","","","","","",""
"2018","73","23.24","78.43","","","","","","","","","","","","","","","",""
"2018","74","22.37","84.35","","","","","","","","","","","","","","","",""
"2018","75","21.87","87.04","","","","","","","","","","","","","","","",""
"2018","76","21.87","86.21","","","","","","","","","","","","","","","",""
"2018","77","21.96","86.29","","","","","","","","","","","","","","","",""
"2018","78","21.84","87.44","","","","","","","","","","","","","","","",""
"2018","79","22.11","84.35","","","","","","","","","","","","","","","",""
"2018","80","23.24","79.14","","","","","","","","","","","","","","","",""
"2018","81","21.9","85.35","","","","","","","","","","","","","","","",""
"2018","82","21.22","87.82","","","","","","","","","","","","","","","",""
"2018","83","22.13","84.47","","","","","","","","","","","","","","","",""
"2018","84","22.81","83.42","","","","","","","","","","","","","","","",""
"2018","85","22.69","81.6","","","","","","","","","","","","","","","",""
"2018","86","22.57","82.51","","","","","","","","","","","","","","","",""
"2018","87","21.61","87.77","","","","","","","","","","","","","","","",""
"2018","88","21.88","85.37","","","","","","","","","","","","","","","",""
"2018","89","22.13","85.58","","","","","","","","","","","","","","","",""
"2018","90","22.33","84.68","","","","","","","","","","","","","","","",""
"2018","91","21.73","87.49","","","","","","","","","","","","","","","",""
"2018","92","21.66","89.65","","","","","","","","","","","","","","","",""
"2018","93","21.94","85.74","","","","","","","","","","","","","","","",""
"2018","94","21.43","89.76","","","","","","","","","","","","","","","",""
"2018","95","21.21","87.44","","","","","","","","","","","","","","","",""
"2018","96","21.48","80.6","","","","","","","","","","","","","","","",""
"2018","97","21.64","86.93","","","","","","","","","","","","","","","",""
"2018","98","22.11","83.37","","","","","","","","","","","","","","","",""
"2018","99","21.31","84.65","","","","","","","","","","","","","","","",""
"2018","100","21","86.35","","","","","","","","","","","","","","","",""
"2018","101","21.75","83.21","","","","","","","","","","","","","","","",""
"2018","102","22","79.89","","","","","","","","","","","","","","","",""
"2018","103","21.4","85.11","","","","","","","","","","","","","","","",""
"2018","104","22.6","80.09","","","","","","","","","","","","","","","",""
"2018","105","23.16","75.34","","","","","","","","","","","","","","","",""
"2018","106","22.94","74.18","","","","","","","","","","","","","","","",""
"2018","107","22.91","74.19","","","","","","","","","","","","","","","",""
"2018","108","23.55","72.66","","","","","","","","","","","","","","","",""
"2018","109","24.13","70.9","","","","","","","","","","","","","","","",""
"2018","110","23.62","70.08","","","","","","","","","","","","","","","",""
"2018","111","23.53","70.94","","","","","","","","","","","","","","","",""
"2018","112","23.37","76.18","","","","","","","","","","","","","","","",""
"2018","113","22.92","80.01","","","","","","","","","","","","","","","",""
"2018","114","23.43","75.98","","","","","","","","","","","","","","","",""
"2018","115","23.16","76.55","","","","","","","","","","","","","","","",""
"2018","116","23.64","74.98","","","","","","","","","","","","","","","",""
"2018","117","23.93","73.63","","","","","","","","","","","","","","","",""
"2018","118","23.4","76.69","","","","","","","","","","","","","","","",""
"2018","119","23.21","77.59","","","","","","","","","","","","","","","",""
"2018","120","23.13","77.18","","","","","","","","","","","","","","","",""
"2018","121","23.79","76.19","","","","","","","","","","","","","","","",""
"2018","122","23.77","75.92","","","","","","","","","","","","","","","",""
"2018","123","23.75","75.61","","","","","","","","","","","","","","","",""
"2018","124","23.31","75.46","","","","","","","","","","","","","","","",""
"2018","125","22.24","82.26","","","","","","","","","","","","","","","",""
"2018","126","23.13","78.06","","","","","","","","","","","","","","","",""
"2018","127","22.71","79.38","","","","","","","","","","","","","","","",""
"2018","128","22.16","85.45","","","","","","","","","","","","","","","",""
"2018","129","21.62","86.79","","","","","","","","","","","","","","","",""
"2018","130","22.35","81.87","","","","","","","","","","","","","","","",""
"2018","131","22.46","80.54","","","","","","","","","","","","","","","",""
"2018","132","22.56","80.21","","","","","","","","","","","","","","","",""
"2018","133","22.27","80.92","","","","","","","","","","","","","","","",""
"2018","134","22.39","80.94","","","","","","","","","","","","","","","",""
"2018","135","22.45","78.37","","","","","","","","","","","","","","","",""
"2018","136","22.46","77.98","","","","","","","","","","","","","","","",""
"2018","137","23.11","75.93","","","","","","","","","","","","","","","",""
"2018","138","22.4","77.15","","","","","","","","","","","","","","","",""
"2018","139","22.91","76.83","","","","","","","","","","","","","","","",""
"2018","140","22.81","76.74","","","","","","","","","","","","","","","",""
"2018","141","22.44","75.93","","","","","","","","","","","","","","","",""
"2018","142","23.24","73.64","","","","","","","","","","","","","","","",""
"2018","143","22.85","73.24","","","","","","","","","","","","","","","",""
"2018","144","23.24","73.8","","","","","","","","","","","","","","","",""
"2018","145","23.29","72.95","","","","","","","","","","","","","","","",""
"2018","146","22.94","72.6","","","","","","","","","","","","","","","",""
"2018","147","23.1","71.65","","","","","","","","","","","","","","","",""
"2018","148","23.39","72.28","","","","","","","","","","","","","","","",""
"2018","149","23.16","72.99","","","","","","","","","","","","","","","",""
"2018","150","23.61","70.18","","","","","","","","","","","","","","","",""
"2018","151","24.04","70.74","","","","","","","","","","","","","","","",""
"2018","152","23.71","71.69","","","","","","","","","","","","","","","",""
"2018","153","23.59","68.95","","","","","","","","","","","","","","","",""
"2018","154","23.6","66.57","","","","","","","","","","","","","","","",""
"2018","155","23.76","65.43","","","","","","","","","","","","","","","",""
"2018","156","23.91","64.9","","","","","","","","","","","","","","","",""
"2018","157","23.75","65.59","","","","","","","","","","","","","","","",""
"2018","158","24.05","65.26","","","","","","","","","","","","","","","",""
"2018","159","24.05","65.03","","","","","","","","","","","","","","","",""
"2018","160","23.91","66.26","","","","","","","","","","","","","","","",""
"2018","161","23.61","67.01","","","","","","","","","","","","","","","",""
"2018","162","23.68","64.77","","","","","","","","","","","","","","","",""
"2018","163","23.6","65.63","","","","","","","","","","","","","","","",""
"2018","164","23.84","62.78","","","","","","","","","","","","","","","",""
"2018","165","23.8","62.18","","","","","","","","","","","","","","","",""
"2018","166","23.49","64.41","","","","","","","","","","","","","","","",""
"2018","167","23.19","65.7","","","","","","","","","","","","","","","",""
"2018","168","23.81","65.87","","","","","","","","","","","","","","","",""
"2018","169","23.71","63.84","","","","","","","","","","","","","","","",""
"2018","170","24.28","60.7","","","","","","","","","","","","","","","",""
"2018","171","23.62","59.32","","","","","","","","","","","","","","","",""
"2018","172","22.92","59.6","","","","","","","","","","","","","","","",""
"2018","173","23.01","64.57","","","","","","","","","","","","","","","",""
"2018","174","22.7","63.94","","","","","","","","","","","","","","","",""
"2018","175","23.05","63.67","","","","","","","","","","","","","","","",""
"2018","176","22.79","64.47","","","","","","","","","","","","","","","",""
"2018","177","23.03","62.76","","","","","","","","","","","","","","","",""
"2018","178","23.05","62.05","","","","","","","","","","","","","","","",""
"2018","179","22.27","65.7","","","","","","","","","","","","","","","",""
"2018","180","21.77","69.02","","","","","","","","","","","","","","","",""
"2018","181","22.71","64.13","","","","","","","","","","","","","","","",""
"2018","182","22.79","66.37","","","","","","","","","","","","","","","",""
"2018","183","22.74","62.89","","","","","","","","","","","","","","","",""
"2018","184","23.44","61.76","","","","","","","","","","","","","","","",""
"2018","185","23.71","61.02","","","","","","","","","","","","","","","",""
"2018","186","23.81","59.99","","","","","","","","","","","","","","","",""
"2018","187","24.14","60.83","","","","","","","","","","","","","","","",""
"2018","188","24.41","61.42","","","","","","","","","","","","","","","",""
"2018","189","24.29","63.69","","","","","","","","","","","","","","","",""
"2018","190","24.25","59.61","","","","","","","","","","","","","","","",""
"2018","191","24.29","59.7","","","","","","","","","","","","","","","",""
"2018","192","24.24","59.88","","","","","","","","","","","","","","","",""
"2018","193","24.04","60.75","","","","","","","","","","","","","","","",""
"2018","194","24.03","60.73","","","","","","","","","","","","","","","",""
"2018","195","24.31","60.92","","","","","","","","","","","","","","","",""
"2018","196","24.6","60.08","","","","","","","","","","","","","","","",""
"2018","197","24.12","57.02","","","","","","","","","","","","","","","",""
"2018","198","23.69","60.06","","","","","","","","","","","","","","","",""
"2018","199","23.4","62.48","","","","","","","","","","","","","","","",""
"2018","200","23.37","61.67","","","","","","","","","","","","","","","",""
"2018","201","24.01","59.85","","","","","","","","","","","","","","","",""
"2018","202","23.72","62.68","","","","","","","","","","","","","","","",""
"2018","203","23.47","64.48","","","","","","","","","","","","","","","",""
"2018","204","23.33","64.83","","","","","","","","","","","","","","","",""
"2018","205","23.89","60.83","","","","","","","","","","","","","","","",""
"2018","206","24.11","59.35","","","","","","","","","","","","","","","",""
"2018","207","23.86","60.58","","","","","","","","","","","","","","","",""
"2018","208","24.39","59.14","","","","","","","","","","","","","","","",""
"2018","209","24.02","60.95","","","","","","","","","","","","","","","",""
"2018","210","23.04","64.32","","","","","","","","","","","","","","","",""
"2018","211","23.93","64.3","","","","","","","","","","","","","","","",""
"2018","212","23.06","62.51","","","","","","","","","","","","","","","",""
"2018","213","23.1","64.8","","","","","","","","","","","","","","","",""
"2018","214","23.41","65.4","","","","","","","","","","","","","","","",""
"2018","215","23.97","61.16","","","","","","","","","","","","","","","",""
"2018","216","23.64","64.33","","","","","","","","","","","","","","","",""
"2018","217","24.32","64.04","","","","","","","","","","","","","","","",""
"2018","218","23.92","62.84","","","","","","","","","","","","","","","",""
"2018","219","24.9","56.01","","","","","","","","","","","","","","","",""
"2018","220","25.13","58.39","","","","","","","","","","","","","","","",""
"2018","221","25.04","58.77","","","","","","","","","","","","","","","",""
"2018","222","24.83","54.94","","","","","","","","","","","","","","","",""
"2018","223","24.65","55.99","","","","","","","","","","","","","","","",""
"2018","224","24.05","59.33","","","","","","","","","","","","","","","",""
"2018","225","23.81","57.48","","","","","","","","","","","","","","","",""
"2018","226","23.58","59.73","","","","","","","","","","","","","","","",""
"2018","227","23.74","62.01","","","","","","","","","","","","","","","",""
"2018","228","24.22","60.77","","","","","","","","","","","","","","","",""
"2018","229","23.99","59.74","","","","","","","","","","","","","","","",""
"2018","230","24.49","56.45","","","","","","","","","","","","","","","",""
"2018","231","24.27","57.18","","","","","","","","","","","","","","","",""
"2018","232","24.21","57.48","","","","","","","","","","","","","","","",""
"2018","233","23.74","62.82","","","","","","","","","","","","","","","",""
"2018","234","24.05","60.92","","","","","","","","","","","","","","","",""
"2018","235","24.16","57.13","","","","","","","","","","","","","","","",""
"2018","236","24.03","55.87","","","","","","","","","","","","","","","",""
"2018","237","24.1","57.33","","","","","","","","","","","","","","","",""
"2018","238","24.22","57.64","","","","","","","","","","","","","","","",""
"2018","239","23.99","57.12","","","","","","","","","","","","","","","",""
"2018","240","24.04","57.86","","","","","","","","","","","","","","","",""
"2018","241","24.35","55.6","","","","","","","","","","","","","","","",""
"2018","242","23.8","58.39","","","","","","","","","","","","","","","",""
"2018","243","23.94","60.33","","","","","","","","","","","","","","","",""
"2018","244","23.83","59.17","","","","","","","","","","","","","","","",""
"2018","245","24.22","61.44","","","","","","","","","","","","","","","",""
"2018","246","24.49","58.56","","","","","","","","","","","","","","","",""
"2018","247","24.54","57.87","","","","","","","","","","","","","","","",""
"2018","248","24.24","57.62","","","","","","","","","","","","","","","",""
"2018","249","24.29","51.35","","","","","","","","","","","","","","","",""
"2018","250","23.67","55.82","","","","","","","","","","","","","","","",""
"2018","251","24.67","55.41","","","","","","","","","","","","","","","",""
"2018","252","24.66","59.5","","","","","","","","","","","","","","","",""
"2018","253","24.7","59.46","","","","","","","","","","","","","","","",""
"2018","254","24.54","57.28","","","","","","","","","","","","","","","",""
"2018","255","23.58","62.17","","","","","","","","","","","","","","","",""
"2018","256","23.35","60.9","","","","","","","","","","","","","","","",""
"2018","257","22.52","66.14","","","","","","","","","","","","","","","",""
"2018","258","23.37","63.04","","","","","","","","","","","","","","","",""
"2018","259","23.61","62.56","","","","","","","","","","","","","","","",""
"2018","260","24.28","62.78","","","","","","","","","","","","","","","",""
"2018","261","24.9","55.66","","","","","","","","","","","","","","","",""
"2018","262","24.96","54.42","","","","","","","","","","","","","","","",""
"2018","263","25.39","52.83","","","","","","","","","","","","","","","",""
"2018","264","24.57","56.41","","","","","","","","","","","","","","","",""
"2018","265","24.41","56.82","","","","","","","","","","","","","","","",""
"2018","266","24.76","53.03","","","","","","","","","","","","","","","",""
"2018","267","25.45","55.33","","","","","","","","","","","","","","","",""
"2018","268","24.84","56.12","","","","","","","","","","","","","","","",""
"2018","269","24.26","59.24","","","","","","","","","","","","","","","",""
"2018","270","24.43","59.43","","","","","","","","","","","","","","","",""
"2018","271","24.62","57.01","","","","","","","","","","","","","","","",""
"2018","272","24.11","61.36","","","","","","","","","","","","","","","",""
"2018","273","24.32","60.99","","","","","","","","","","","","","","","",""
"2018","274","24.24","59.75","","","","","","","","","","","","","","","",""
"2018","275","24.01","61.4","","","","","","","","","","","","","","","",""
"2018","276","23.52","61.05","","","","","","","","","","","","","","","",""
"2018","277","22.62","65.47","","","","","","","","","","","","","","","",""
"2018","278","23.54","61.08","","","","","","","","","","","","","","","",""
"2018","279","23.3","64.19","","","","","","","","","","","","","","","",""
"2018","280","22.33","69.99","","","","","","","","","","","","","","","",""
"2018","281","22.9","67.52","","","","","","","","","","","","","","","",""
"2018","282","22.56","67.68","","","","","","","","","","","","","","","",""
"2018","283","22.18","67.14","","","","","","","","","","","","","","","",""
"2018","284","22.09","68.11","","","","","","","","","","","","","","","",""
"2018","285","22.05","66.78","","","","","","","","","","","","","","","",""
"2018","286","22.44","63.68","","","","","","","","","","","","","","","",""
"2018","287","22.18","64.08","","","","","","","","","","","","","","","",""
"2018","288","22.7","63.82","","","","","","","","","","","","","","","",""
"2018","289","22.49","63.42","","","","","","","","","","","","","","","",""
"2018","290","22.63","62.2","","","","","","","","","","","","","","","",""
"2018","291","23.17","60.89","","","","","","","","","","","","","","","",""
"2018","292","22.94","61.7","","","","","","","","","","","","","","","",""
"2018","293","22.54","66.57","","","","","","","","","","","","","","","",""
"2018","294","22.98","63.89","","","","","","","","","","","","","","","",""
"2018","295","23.39","63.89","","","","","","","","","","","","","","","",""
"2018","296","23.7","63.94","","","","","","","","","","","","","","","",""
"2018","297","23.37","64.99","","","","","","","","","","","","","","","",""
"2018","298","23.56","63.05","","","","","","","","","","","","","","","",""
"2018","299","24.07","57.41","","","","","","","","","","","","","","","",""
"2018","300","23.67","60.88","","","","","","","","","","","","","","","",""
"2018","301","24.23","59.22","","","","","","","","","","","","","","","",""
"2018","302","23.86","61.07","","","","","","","","","","","","","","","",""
"2018","303","23.78","61.65","","","","","","","","","","","","","","","",""
"2018","304","24.13","59.72","","","","","","","","","","","","","","","",""
"2018","305","23.44","63.82","","","","","","","","","","","","","","","",""
"2018","306","23.71","65.07","","","","","","","","","","","","","","","",""
"2018","307","23.61","64.56","","","","","","","","","","","","","","","",""
"2018","308","22.06","73.18","","","","","","","","","","","","","","","",""
"2018","309","22.84","69.73","","","","","","","","","","","","","","","",""
"2018","310","23.46","67.07","","","","","","","","","","","","","","","",""
"2018","311","24.63","61.4","","","","","","","","","","","","","","","",""
"2018","312","23.58","65.47","","","","","","","","","","","","","","","",""
"2018","313","23.7","64.68","","","","","","","","","","","","","","","",""
"2018","314","23.46","67.32","","","","","","","","","","","","","","","",""
"2018","315","24.06","67.91","","","","","","","","","","","","","","","",""
"2018","316","23.71","68.41","","","","","","","","","","","","","","","",""
"2018","317","23.34","68.43","","","","","","","","","","","","","","","",""
"2018","318","23.26","69.54","","","","","","","","","","","","","","","",""
"2018","319","23.97","67.64","","","","","","","","","","","","","","","",""
"2018","320","24.04","66.12","","","","","","","","","","","","","","","",""
"2018","321","23.65","67.01","","","","","","","","","","","","","","","",""
"2018","322","23.74","68.48","","","","","","","","","","","","","","","",""
"2018","323","23.59","70.67","","","","","","","","","","","","","","","",""
"2018","324","23.74","68.48","","","","","","","","","","","","","","","",""
"2018","325","23.61","71.49","","","","","","","","","","","","","","","",""
"2018","326","22.53","74.61","","","","","","","","","","","","","","","",""
"2018","327","23.34","70.48","","","","","","","","","","","","","","","",""
"2018","328","23.58","68.76","","","","","","","","","","","","","","","",""
"2018","329","23.26","69.05","","","","","","","","","","","","","","","",""
"2018","330","22.55","72.62","","","","","","","","","","","","","","","",""
"2018","331","23.09","68.31","","","","","","","","","","","","","","","",""
"2018","332","22.18","73.26","","","","","","","","","","","","","","","",""
"2018","333","22.62","69.77","","","","","","","","","","","","","","","",""
"2018","334","22.49","69.51","","","","","","","","","","","","","","","",""
"2018","335","23.16","64.44","","","","","","","","","","","","","","","",""
"2018","336","22.72","66.44","","","","","","","","","","","","","","","",""
"2018","337","22.02","69.67","","","","","","","","","","","","","","","",""
"2018","338","22.2","68.63","","","","","","","","","","","","","","","",""
"2018","339","22.71","64.91","","","","","","","","","","","","","","","",""
"2018","340","22.62","63.75","","","","","","","","","","","","","","","",""
"2018","341","23.33","62.63","","","","","","","","","","","","","","","",""
"2018","342","23.64","61.42","","","","","","","","","","","","","","","",""
"2018","343","24.25","60.24","","","","","","","","","","","","","","","",""
"2018","344","24.28","63.83","","","","","","","","","","","","","","","",""
"2018","345","24.47","63.18","","","","","","","","","","","","","","","",""
"2018","346","24.61","62.26","","","","","","","","","","","","","","","",""
"2018","347","23.61","68.38","","","","","","","","","","","","","","","",""
"2018","348","23.64","71.17","","","","","","","","","","","","","","","",""
"2018","349","24.59","67.45","","","","","","","","","","","","","","","",""
"2018","350","24.74","64.6","","","","","","","","","","","","","","","",""
"2018","351","23.92","68.37","","","","","","","","","","","","","","","",""
"2018","352","23.29","72.86","","","","","","","","","","","","","","","",""
"2018","353","22.87","74.57","","","","","","","","","","","","","","","",""
"2018","354","22.9","75.41","","","","","","","","","","","","","","","",""
"2018","355","22.69","76.32","","","","","","","","","","","","","","","",""
"2018","356","22.86","78.59","","","","","","","","","","","","","","","",""
"2018","357","23.72","75.82","","","","","","","","","","","","","","","",""
"2018","358","23.49","75.32","","","","","","","","","","","","","","","",""
"2018","359","23.85","71.88","","","","","","","","","","","","","","","",""
"2018","360","23.73","73.66","","","","","","","","","","","","","","","",""
"2018","361","23.52","75.01","","","","","","","","","","","","","","","",""
"2018","362","24.03","73.18","","","","","","","","","","","","","","","",""
"2018","363","24","72.85","","","","","","","","","","","","","","","",""
"2018","364","23.99","73.26","","","","","","","","","","","","","","","",""
"2018","365","24.25","71.68","","","","","","","","","","","","","","","",""
"2019","1","24.59","69.89","","","","","","","","","","","","","","","",""
"2019","2","24.65","69.51","","","","","","","","","","","","","","","",""
"2019","3","24.66","67.56","","","","","","","","","","","","","","","",""
"2019","4","25.12","66.59","","","","","","","","","","","","","","","",""
"2019","5","25.18","69.01","","","","","","","","","","","","","","","",""
"2019","6","23.71","76.45","","","","","","","","","","","","","","","",""
"2019","7","22.22","83.44","","","","","","","","","","","","","","","",""
"2019","8","21.96","84.55","","","","","","","","","","","","","","","",""
"2019","9","22.8","75.58","","","","","","","","","","","","","","","",""
"2019","10","22.24","84.34","","","","","","","","","","","","","","","",""
"2019","11","21.82","85.61","","","","","","","","","","","","","","","",""
"2019","12","22.68","81.06","","","","","","","","","","","","","","","",""
"2019","13","22.41","79.85","","","","","","","","","","","","","","","",""
"2019","14","22.24","82.26","","","","","","","","","","","","","","","",""
"2019","15","22.48","82.64","","","","","","","","","","","","","","","",""
"2019","16","22.76","81.63","","","","","","","","","","","","","","","",""
"2019","17","22.83","81.86","","","","","","","","","","","","","","","",""
"2019","18","22.76","80.33","","","","","","","","","","","","","","","",""
"2019","19","23.02","79.07","","","","","","","","","","","","","","","",""
"2019","20","23.18","78.96","","","","","","","","","","","","","","","",""
"2019","21","23.3","80.2","","","","","","","","","","","","","","","",""
"2019","22","24.02","78.79","","","","","","","","","","","","","","","",""
"2019","23","24.22","73.77","","","","","","","","","","","","","","","",""
"2019","24","23.9","73.01","","","","","","","","","","","","","","","",""
"2019","25","24.3","73.77","","","","","","","","","","","","","","","",""
"2019","26","24.97","72.13","","","","","","","","","","","","","","","",""
"2019","27","24.14","76.65","","","","","","","","","","","","","","","",""
"2019","28","23.35","81.28","","","","","","","","","","","","","","","",""
"2019","29","23.1","82.92","","","","","","","","","","","","","","","",""
"2019","30","23.19","79.26","","","","","","","","","","","","","","","",""
"2019","31","22.83","81.49","","","","","","","","","","","","","","","",""
"2019","32","22.95","81.51","","","","","","","","","","","","","","","",""
"2019","33","23.25","81.18","","","","","","","","","","","","","","","",""
"2019","34","23.64","77.57","","","","","","","","","","","","","","","",""
"2019","35","22.99","81.85","","","","","","","","","","","","","","","",""
"2019","36","23.41","79.32","","","","","","","","","","","","","","","",""
"2019","37","23.35","83.27","","","","","","","","","","","","","","","",""
"2019","38","22.46","87.1","","","","","","","","","","","","","","","",""
"2019","39","22.84","83.75","","","","","","","","","","","","","","","",""
"2019","40","22.4","87.61","","","","","","","","","","","","","","","",""
"2019","41","22.52","87.48","","","","","","","","","","","","","","","",""
"2019","42","22.7","85.79","","","","","","","","","","","","","","","",""
"2019","43","23.25","84.57","","","","","","","","","","","","","","","",""
"2019","44","23.86","84.49","","","","","","","","","","","","","","","",""
"2019","45","23.2","87.26","","","","","","","","","","","","","","","",""
"2019","46","23.21","85.17","","","","","","","","","","","","","","","",""
"2019","47","22.94","83.25","","","","","","","","","","","","","","","",""
"2019","48","23.33","82.45","","","","","","","","","","","","","","","",""
"2019","49","22.98","85.81","","","","","","","","","","","","","","","",""
"2019","50","22.74","87.3","","","","","","","","","","","","","","","",""
"2019","51","22.41","85.07","","","","","","","","","","","","","","","",""
"2019","52","23.58","84.27","","","","","","","","","","","","","","","",""
"2019","53","23.79","83.49","","","","","","","","","","","","","","","",""
"2019","54","23","87.76","","","","","","","","","","","","","","","",""
"2019","55","21.67","91.24","","","","","","","","","","","","","","","",""
"2019","56","22.97","83.76","","","","","","","","","","","","","","","",""
"2019","57","22.51","90.82","","","","","","","","","","","","","","","",""
"2019","58","22.79","88.9","","","","","","","","","","","","","","","",""
"2019","59","22.76","88.17","","","","","","","","","","","","","","","",""
"2019","60","22.51","86.78","","","","","","","","","","","","","","","",""
"2019","61","22.1","90.73","","","","","","","","","","","","","","","",""
"2019","62","22.1","88.03","","","","","","","","","","","","","","","",""
"2019","63","22.13","89.56","","","","","","","","","","","","","","","",""
"2019","64","22.34","88.71","","","","","","","","","","","","","","","",""
"2019","65","22.42","86.45","","","","","","","","","","","","","","","",""
"2019","66","22.25","86.86","","","","","","","","","","","","","","","",""
"2019","67","23.09","82.93","","","","","","","","","","","","","","","",""
"2019","68","23.66","81.84","","","","","","","","","","","","","","","",""
"2019","69","23.58","82.66","","","","","","","","","","","","","","","",""
"2019","70","23.87","81.51","","","","","","","","","","","","","","","",""
"2019","71","23.83","85.14","","","","","","","","","","","","","","","",""
"2019","72","23.34","88.12","","","","","","","","","","","","","","","",""
"2019","73","22.25","89.34","","","","","","","","","","","","","","","",""
"2019","74","22.85","87.56","","","","","","","","","","","","","","","",""
"2019","75","23.32","85.45","","","","","","","","","","","","","","","",""
"2019","76","23.26","86.96","","","","","","","","","","","","","","","",""
"2019","77","22.79","88.2","","","","","","","","","","","","","","","",""
"2019","78","22.31","90.52","","","","","","","","","","","","","","","",""
"2019","79","23.02","87.29","","","","","","","","","","","","","","","",""
"2019","80","22.34","89.04","","","","","","","","","","","","","","","",""
"2019","81","21.58","91.27","","","","","","","","","","","","","","","",""
"2019","82","22.2","89.06","","","","","","","","","","","","","","","",""
"2019","83","22.25","88.31","","","","","","","","","","","","","","","",""
"2019","84","22.53","86.19","","","","","","","","","","","","","","","",""
"2019","85","22.78","84.07","","","","","","","","","","","","","","","",""
"2019","86","22.49","84.61","","","","","","","","","","","","","","","",""
"2019","87","22.24","86.39","","","","","","","","","","","","","","","",""
"2019","88","22.16","87.74","","","","","","","","","","","","","","","",""
"2019","89","22.6","85.82","","","","","","","","","","","","","","","",""
"2019","90","23.1","81.94","","","","","","","","","","","","","","","",""
"2019","91","21.84","88.56","","","","","","","","","","","","","","","",""
"2019","92","22.4","87.31","","","","","","","","","","","","","","","",""
"2019","93","21.85","90.87","","","","","","","","","","","","","","","",""
"2019","94","22.17","89.4","","","","","","","","","","","","","","","",""
"2019","95","22.72","87.11","","","","","","","","","","","","","","","",""
"2019","96","22.41","86.88","","","","","","","","","","","","","","","",""
"2019","97","23.06","82.73","","","","","","","","","","","","","","","",""
"2019","98","23.14","82.72","","","","","","","","","","","","","","","",""
"2019","99","22.77","82.56","","","","","","","","","","","","","","","",""
"2019","100","22.92","81.62","","","","","","","","","","","","","","","",""
"2019","101","23.24","81.15","","","","","","","","","","","","","","","",""
"2019","102","23.48","78.63","","","","","","","","","","","","","","","",""
"2019","103","23.2","80.44","","","","","","","","","","","","","","","",""
"2019","104","23.18","81.4","","","","","","","","","","","","","","","",""
"2019","105","22.61","84.65","","","","","","","","","","","","","","","",""
"2019","106","23.93","77.86","","","","","","","","","","","","","","","",""
"2019","107","23.13","84.15","","","","","","","","","","","","","","","",""
"2019","108","23.14","83.37","","","","","","","","","","","","","","","",""
"2019","109","22.08","89","","","","","","","","","","","","","","","",""
"2019","110","22.68","84.35","","","","","","","","","","","","","","","",""
"2019","111","22.54","86.23","","","","","","","","","","","","","","","",""
"2019","112","21.83","90.97","","","","","","","","","","","","","","","",""
"2019","113","22.21","89.86","","","","","","","","","","","","","","","",""
"2019","114","22.43","86.33","","","","","","","","","","","","","","","",""
"2019","115","23.28","81.41","","","","","","","","","","","","","","","",""
"2019","116","23.6","78.8","","","","","","","","","","","","","","","",""
"2019","117","23.77","81.26","","","","","","","","","","","","","","","",""
"2019","118","23.81","82.69","","","","","","","","","","","","","","","",""
"2019","119","23.81","81.96","","","","","","","","","","","","","","","",""
"2019","120","23.39","82.41","","","","","","","","","","","","","","","",""
"2019","121","24.15","78.81","","","","","","","","","","","","","","","",""
"2019","122","23.7","80.58","","","","","","","","","","","","","","","",""
"2019","123","23.52","82.17","","","","","","","","","","","","","","","",""
"2019","124","23.49","78.85","","","","","","","","","","","","","","","",""
"2019","125","23.88","78.58","","","","","","","","","","","","","","","",""
"2019","126","23.9","75.91","","","","","","","","","","","","","","","",""
"2019","127","23.4","76.85","","","","","","","","","","","","","","","",""
"2019","128","23.39","78.3","","","","","","","","","","","","","","","",""
"2019","129","23.25","79.15","","","","","","","","","","","","","","","",""
"2019","130","22.72","83.49","","","","","","","","","","","","","","","",""
"2019","131","23.35","80.72","","","","","","","","","","","","","","","",""
"2019","132","23.14","82.18","","","","","","","","","","","","","","","",""
"2019","133","22.49","84.99","","","","","","","","","","","","","","","",""
"2019","134","23.27","81.94","","","","","","","","","","","","","","","",""
"2019","135","23.36","79.78","","","","","","","","","","","","","","","",""
"2019","136","23.32","81.69","","","","","","","","","","","","","","","",""
"2019","137","22.92","82.1","","","","","","","","","","","","","","","",""
"2019","138","22.85","82.53","","","","","","","","","","","","","","","",""
"2019","139","22.32","85.26","","","","","","","","","","","","","","","",""
"2019","140","22.68","83.67","","","","","","","","","","","","","","","",""
"2019","141","22.99","80.73","","","","","","","","","","","","","","","",""
"2019","142","23.84","75.37","","","","","","","","","","","","","","","",""
"2019","143","23.16","79.45","","","","","","","","","","","","","","","",""
"2019","144","22.93","81.29","","","","","","","","","","","","","","","",""
"2019","145","22.77","78.58","","","","","","","","","","","","","","","",""
"2019","146","22.27","82.82","","","","","","","","","","","","","","","",""
"2019","147","22.71","78.69","","","","","","","","","","","","","","","",""
"2019","148","22.8","78.38","","","","","","","","","","","","","","","",""
"2019","149","22.6","80.41","","","","","","","","","","","","","","","",""
"2019","150","22.27","79.96","","","","","","","","","","","","","","","",""
"2019","151","22.44","81.39","","","","","","","","","","","","","","","",""
"2019","152","22.39","81.82","","","","","","","","","","","","","","","",""
"2019","153","22.49","78.53","","","","","","","","","","","","","","","",""
"2019","154","22.96","75.22","","","","","","","","","","","","","","","",""
"2019","155","23.15","74.49","","","","","","","","","","","","","","","",""
"2019","156","23.26","77.69","","","","","","","","","","","","","","","",""
"2019","157","23.22","71.97","","","","","","","","","","","","","","","",""
"2019","158","22.99","71.6","","","","","","","","","","","","","","","",""
"2019","159","23.6","75.74","","","","","","","","","","","","","","","",""
"2019","160","23.56","74.11","","","","","","","","","","","","","","","",""
"2019","161","23.01","75.12","","","","","","","","","","","","","","","",""
"2019","162","22.45","80.28","","","","","","","","","","","","","","","",""
"2019","163","23","77.47","","","","","","","","","","","","","","","",""
"2019","164","23.42","75.24","","","","","","","","","","","","","","","",""
"2019","165","23.2","74.09","","","","","","","","","","","","","","","",""
"2019","166","23.24","73.59","","","","","","","","","","","","","","","",""
"2019","167","24.37","73.04","","","","","","","","","","","","","","","",""
"2019","168","24.33","71.18","","","","","","","","","","","","","","","",""
"2019","169","24.05","72.21","","","","","","","","","","","","","","","",""
"2019","170","24.16","72.2","","","","","","","","","","","","","","","",""
"2019","171","24.27","69.9","","","","","","","","","","","","","","","",""
"2019","172","24.04","66.88","","","","","","","","","","","","","","","",""
"2019","173","24.22","67.99","","","","","","","","","","","","","","","",""
"2019","174","23.91","67.88","","","","","","","","","","","","","","","",""
"2019","175","23.93","68.51","","","","","","","","","","","","","","","",""
"2019","176","23.67","68.87","","","","","","","","","","","","","","","",""
"2019","177","24.29","66.51","","","","","","","","","","","","","","","",""
"2019","178","23.94","65.91","","","","","","","","","","","","","","","",""
"2019","179","23.93","66.68","","","","","","","","","","","","","","","",""
"2019","180","24.25","67.03","","","","","","","","","","","","","","","",""
"2019","181","22.92","71.42","","","","","","","","","","","","","","","",""
"2019","182","23.53","68.8","","","","","","","","","","","","","","","",""
"2019","183","22.83","69.87","","","","","","","","","","","","","","","",""
"2019","184","23.4","66.14","","","","","","","","","","","","","","","",""
"2019","185","23.58","68.81","","","","","","","","","","","","","","","",""
"2019","186","23.82","64.87","","","","","","","","","","","","","","","",""
"2019","187","24.1","64.85","","","","","","","","","","","","","","","",""
"2019","188","23.86","64.66","","","","","","","","","","","","","","","",""
"2019","189","23.5","64.21","","","","","","","","","","","","","","","",""
"2019","190","24.12","62.64","","","","","","","","","","","","","","","",""
"2019","191","24.2","63.48","","","","","","","","","","","","","","","",""
"2019","192","23.8","63.05","","","","","","","","","","","","","","","",""
"2019","193","23.24","63.55","","","","","","","","","","","","","","","",""
"2019","194","23.22","65.03","","","","","","","","","","","","","","","",""
"2019","195","22.29","71.3","","","","","","","","","","","","","","","",""
"2019","196","23.39","64.23","","","","","","","","","","","","","","","",""
"2019","197","23.8","62.53","","","","","","","","","","","","","","","",""
"2019","198","24","61.83","","","","","","","","","","","","","","","",""
"2019","199","24.18","61.54","","","","","","","","","","","","","","","",""
"2019","200","24.98","58.26","","","","","","","","","","","","","","","",""
"2019","201","25.08","59.58","","","","","","","","","","","","","","","",""
"2019","202","24.5","60.73","","","","","","","","","","","","","","","",""
"2019","203","23.66","63.42","","","","","","","","","","","","","","","",""
"2019","204","23.08","65.24","","","","","","","","","","","","","","","",""
"2019","205","23.22","64.87","","","","","","","","","","","","","","","",""
"2019","206","23.71","62.71","","","","","","","","","","","","","","","",""
"2019","207","24.28","62.5","","","","","","","","","","","","","","","",""
"2019","208","24.12","61.28","","","","","","","","","","","","","","","",""
"2019","209","24.6","60.98","","","","","","","","","","","","","","","",""
"2019","210","24.64","56.47","","","","","","","","","","","","","","","",""
"2019","211","24.95","51.53","","","","","","","","","","","","","","","",""
"2019","212","24.92","54.92","","","","","","","","","","","","","","","",""
"2019","213","24.5","57.93","","","","","","","","","","","","","","","",""
"2019","214","24.01","60.39","","","","","","","","","","","","","","","",""
"2019","215","23.81","62.71","","","","","","","","","","","","","","","",""
"2019","216","23.99","62.3","","","","","","","","","","","","","","","",""
"2019","217","24.34","58.51","","","","","","","","","","","","","","","",""
"2019","218","24.41","54.42","","","","","","","","","","","","","","","",""
"2019","219","24.4","56.2","","","","","","","","","","","","","","","",""
"2019","220","24.51","56.72","","","","","","","","","","","","","","","",""
"2019","221","24.05","58.51","","","","","","","","","","","","","","","",""
"2019","222","24.36","55.69","","","","","","","","","","","","","","","",""
"2019","223","24.84","54.68","","","","","","","","","","","","","","","",""
"2019","224","24.72","54.7","","","","","","","","","","","","","","","",""
"2019","225","25.09","55.02","","","","","","","","","","","","","","","",""
"2019","226","24.65","56.41","","","","","","","","","","","","","","","",""
"2019","227","22.7","61.44","","","","","","","","","","","","","","","",""
"2019","228","24.16","52.8","","","","","","","","","","","","","","","",""
"2019","229","24.19","57.75","","","","","","","","","","","","","","","",""
"2019","230","24.43","59.51","","","","","","","","","","","","","","","",""
"2019","231","23.77","59.86","","","","","","","","","","","","","","","",""
"2019","232","24.24","57.62","","","","","","","","","","","","","","","",""
"2019","233","24.9","54.08","","","","","","","","","","","","","","","",""
"2019","234","25.03","56.76","","","","","","","","","","","","","","","",""
"2019","235","25.03","58.25","","","","","","","","","","","","","","","",""
"2019","236","25.63","54.93","","","","","","","","","","","","","","","",""
"2019","237","25.09","55.6","","","","","","","","","","","","","","","",""
"2019","238","25.14","55.06","","","","","","","","","","","","","","","",""
"2019","239","25.86","53.52","","","","","","","","","","","","","","","",""
"2019","240","24.95","57.34","","","","","","","","","","","","","","","",""
"2019","241","24.85","54.26","","","","","","","","","","","","","","","",""
"2019","242","25.01","49.86","","","","","","","","","","","","","","","",""
"2019","243","24.19","55.41","","","","","","","","","","","","","","","",""
"2019","244","24.52","54.86","","","","","","","","","","","","","","","",""
"2019","245","24.59","54.53","","","","","","","","","","","","","","","",""
"2019","246","24.79","54.14","","","","","","","","","","","","","","","",""
"2019","247","24.37","54.58","","","","","","","","","","","","","","","",""
"2019","248","24.81","52.2","","","","","","","","","","","","","","","",""
"2019","249","24.44","53.19","","","","","","","","","","","","","","","",""
"2019","250","24.38","53.65","","","","","","","","","","","","","","","",""
"2019","251","25.77","48.11","","","","","","","","","","","","","","","",""
"2019","252","24.79","48.13","","","","","","","","","","","","","","","",""
"2019","253","24.08","53.81","","","","","","","","","","","","","","","",""
"2019","254","24.06","56.84","","","","","","","","","","","","","","","",""
"2019","255","24.36","54.84","","","","","","","","","","","","","","","",""
"2019","256","25.03","53.72","","","","","","","","","","","","","","","",""
"2019","257","25.38","50.34","","","","","","","","","","","","","","","",""
"2019","258","25","52.03","","","","","","","","","","","","","","","",""
"2019","259","24.64","51.75","","","","","","","","","","","","","","","",""
"2019","260","25.04","50.35","","","","","","","","","","","","","","","",""
"2019","261","24.01","61.85","","","","","","","","","","","","","","","",""
"2019","262","23.36","64.53","","","","","","","","","","","","","","","",""
"2019","263","22.68","62.21","","","","","","","","","","","","","","","",""
"2019","264","23.97","57.01","","","","","","","","","","","","","","","",""
"2019","265","24.42","54.67","","","","","","","","","","","","","","","",""
"2019","266","23.73","59.22","","","","","","","","","","","","","","","",""
"2019","267","24.98","57.37","","","","","","","","","","","","","","","",""
"2019","268","24.74","59.72","","","","","","","","","","","","","","","",""
"2019","269","25.54","56.76","","","","","","","","","","","","","","","",""
"2019","270","24.19","61.14","","","","","","","","","","","","","","","",""
"2019","271","23.32","63.77","","","","","","","","","","","","","","","",""
"2019","272","24.28","62.83","","","","","","","","","","","","","","","",""
"2019","273","23.26","67.1","","","","","","","","","","","","","","","",""
"2019","274","23.34","65.69","","","","","","","","","","","","","","","",""
"2019","275","23.81","60.47","","","","","","","","","","","","","","","",""
"2019","276","23.15","64.34","","","","","","","","","","","","","","","",""
"2019","277","23.12","63.22","","","","","","","","","","","","","","","",""
"2019","278","23.7","59.95","","","","","","","","","","","","","","","",""
"2019","279","23.7","61.46","","","","","","","","","","","","","","","",""
"2019","280","24.09","61.25","","","","","","","","","","","","","","","",""
"2019","281","23.74","64.19","","","","","","","","","","","","","","","",""
"2019","282","24.9","56.3","","","","","","","","","","","","","","","",""
"2019","283","24.75","56.99","","","","","","","","","","","","","","","",""
"2019","284","24.19","60.72","","","","","","","","","","","","","","","",""
"2019","285","24.04","57.76","","","","","","","","","","","","","","","",""
"2019","286","23.47","61.35","","","","","","","","","","","","","","","",""
"2019","287","24.17","57.1","","","","","","","","","","","","","","","",""
"2019","288","24.42","58.96","","","","","","","","","","","","","","","",""
"2019","289","22.86","67.13","","","","","","","","","","","","","","","",""
"2019","290","23.39","65.86","","","","","","","","","","","","","","","",""
"2019","291","22.2","69.91","","","","","","","","","","","","","","","",""
"2019","292","23.02","68.02","","","","","","","","","","","","","","","",""
"2019","293","21.68","71.67","","","","","","","","","","","","","","","",""
"2019","294","23.08","67.02","","","","","","","","","","","","","","","",""
"2019","295","22.43","71.33","","","","","","","","","","","","","","","",""
"2019","296","22.26","71.32","","","","","","","","","","","","","","","",""
"2019","297","23.6","65.33","","","","","","","","","","","","","","","",""
"2019","298","23.37","62.83","","","","","","","","","","","","","","","",""
"2019","299","23.73","62.5","","","","","","","","","","","","","","","",""
"2019","300","24.6","60.35","","","","","","","","","","","","","","","",""
"2019","301","24.51","61.92","","","","","","","","","","","","","","","",""
"2019","302","24.51","58.64","","","","","","","","","","","","","","","",""
"2019","303","24.03","61.65","","","","","","","","","","","","","","","",""
"2019","304","24.35","61.94","","","","","","","","","","","","","","","",""
"2019","305","24.18","62.54","","","","","","","","","","","","","","","",""
"2019","306","23.57","68.6","","","","","","","","","","","","","","","",""
"2019","307","23.31","72.1","","","","","","","","","","","","","","","",""
"2019","308","23.56","70.25","","","","","","","","","","","","","","","",""
"2019","309","24.12","62.09","","","","","","","","","","","","","","","",""
"2019","310","23.86","61.75","","","","","","","","","","","","","","","",""
"2019","311","24.16","60.25","","","","","","","","","","","","","","","",""
"2019","312","24.34","61.74","","","","","","","","","","","","","","","",""
"2019","313","23.97","64.86","","","","","","","","","","","","","","","",""
"2019","314","23.73","66.78","","","","","","","","","","","","","","","",""
"2019","315","22.26","72.25","","","","","","","","","","","","","","","",""
"2019","316","23.1","69.31","","","","","","","","","","","","","","","",""
"2019","317","22.5","72.34","","","","","","","","","","","","","","","",""
"2019","318","21.56","79.93","","","","","","","","","","","","","","","",""
"2019","319","21.53","78.61","","","","","","","","","","","","","","","",""
"2019","320","22.22","72.71","","","","","","","","","","","","","","","",""
"2019","321","22.18","70.64","","","","","","","","","","","","","","","",""
"2019","322","22.69","68.77","","","","","","","","","","","","","","","",""
"2019","323","23.28","67.29","","","","","","","","","","","","","","","",""
"2019","324","24.09","64.96","","","","","","","","","","","","","","","",""
"2019","325","23.87","67.99","","","","","","","","","","","","","","","",""
"2019","326","22.67","71.92","","","","","","","","","","","","","","","",""
"2019","327","22.82","69.57","","","","","","","","","","","","","","","",""
"2019","328","23.21","68.77","","","","","","","","","","","","","","","",""
"2019","329","24.04","68.02","","","","","","","","","","","","","","","",""
"2019","330","24.18","65.65","","","","","","","","","","","","","","","",""
"2019","331","24.4","63.92","","","","","","","","","","","","","","","",""
"2019","332","24.56","63.86","","","","","","","","","","","","","","","",""
"2019","333","23.67","67.88","","","","","","","","","","","","","","","",""
"2019","334","23.33","72.4","","","","","","","","","","","","","","","",""
"2019","335","23.04","73.37","","","","","","","","","","","","","","","",""
"2019","336","24.48","67.22","","","","","","","","","","","","","","","",""
"2019","337","23.93","69.35","","","","","","","","","","","","","","","",""
"2019","338","23.21","70.92","","","","","","","","","","","","","","","",""
"2019","339","23.19","71.91","","","","","","","","","","","","","","","",""
"2019","340","22.81","74.42","","","","","","","","","","","","","","","",""
"2019","341","22.78","74.31","","","","","","","","","","","","","","","",""
"2019","342","23.2","74","","","","","","","","","","","","","","","",""
"2019","343","22.88","74.49","","","","","","","","","","","","","","","",""
"2019","344","23.46","69.12","","","","","","","","","","","","","","","",""
"2019","345","22.74","70.68","","","","","","","","","","","","","","","",""
"2019","346","22.86","69.7","","","","","","","","","","","","","","","",""
"2019","347","23.32","68.05","","","","","","","","","","","","","","","",""
"2019","348","23.23","68.29","","","","","","","","","","","","","","","",""
"2019","349","24.03","64.73","","","","","","","","","","","","","","","",""
"2019","350","24.14","62.56","","","","","","","","","","","","","","","",""
"2019","351","23.5","64.94","","","","","","","","","","","","","","","",""
"2019","352","23.41","64.6","","","","","","","","","","","","","","","",""
"2019","353","23.67","64.29","","","","","","","","","","","","","","","",""
"2019","354","24.13","63.96","","","","","","","","","","","","","","","",""
"2019","355","24.22","63.43","","","","","","","","","","","","","","","",""
"2019","356","24.39","64.68","","","","","","","","","","","","","","","",""
"2019","357","25.06","62.16","","","","","","","","","","","","","","","",""
"2019","358","24.71","63.7","","","","","","","","","","","","","","","",""
"2019","359","24.51","65.65","","","","","","","","","","","","","","","",""
"2019","360","25.45","61.34","","","","","","","","","","","","","","","",""
"2019","361","24.75","64.69","","","","","","","","","","","","","","","",""
"2019","362","24.5","68.61","","","","","","","","","","","","","","","",""
"2019","363","23.17","74.75","","","","","","","","","","","","","","","",""
"2019","364","22.65","79.69","","","","","","","","","","","","","","","",""
"2019","365","22.57","80.14","","","","","","","","","","","","","","","",""
"2020","1","22.28","82.71","","","","","","","","","","","","","","","",""
"2020","2","22.5","78.74","","","","","","","","","","","","","","","",""
"2020","3","22.78","76.19","","","","","","","","","","","","","","","",""
"2020","4","23.14","73.98","","","","","","","","","","","","","","","",""
"2020","5","22.87","76.1","","","","","","","","","","","","","","","",""
"2020","6","23.61","74.9","","","","","","","","","","","","","","","",""
"2020","7","23.38","72.33","","","","","","","","","","","","","","","",""
"2020","8","23.49","69.46","","","","","","","","","","","","","","","",""
"2020","9","24.31","63.09","","","","","","","","","","","","","","","",""
"2020","10","24.62","63.67","","","","","","","","","","","","","","","",""
"2020","11","24.4","67.02","","","","","","","","","","","","","","","",""
"2020","12","24.55","68.66","","","","","","","","","","","","","","","",""
"2020","13","25.07","65.04","","","","","","","","","","","","","","","",""
"2020","14","24.84","67.21","","","","","","","","","","","","","","","",""
"2020","15","24.5","68.99","","","","","","","","","","","","","","","",""
"2020","16","25.06","68.38","","","","","","","","","","","","","","","",""
"2020","17","25.55","65.83","","","","","","","","","","","","","","","",""
"2020","18","25.74","64.24","","","","","","","","","","","","","","","",""
"2020","19","26.03","62.01","","","","","","","","","","","","","","","",""
"2020","20","25.26","64.85","","","","","","","","","","","","","","","",""
"2020","21","23.01","81.53","","","","","","","","","","","","","","","",""
"2020","22","23.05","81.36","","","","","","","","","","","","","","","",""
"2020","23","23.02","79.11","","","","","","","","","","","","","","","",""
"2020","24","22.82","78.96","","","","","","","","","","","","","","","",""
"2020","25","22.32","85.27","","","","","","","","","","","","","","","",""
"2020","26","22.98","81.18","","","","","","","","","","","","","","","",""
"2020","27","23.01","80.51","","","","","","","","","","","","","","","",""
"2020","28","22.96","81.59","","","","","","","","","","","","","","","",""
"2020","29","22.71","81.26","","","","","","","","","","","","","","","",""
"2020","30","24.03","77.02","","","","","","","","","","","","","","","",""
"2020","31","23.95","75.58","","","","","","","","","","","","","","","",""
"2020","32","23.71","77.81","","","","","","","","","","","","","","","",""
"2020","33","23.68","76.25","","","","","","","","","","","","","","","",""
"2020","34","23.89","77.32","","","","","","","","","","","","","","","",""
"2020","35","24.21","74.82","","","","","","","","","","","","","","","",""
"2020","36","24.76","72.38","","","","","","","","","","","","","","","",""
"2020","37","24.34","74.31","","","","","","","","","","","","","","","",""
"2020","38","23.88","75.49","","","","","","","","","","","","","","","",""
"2020","39","22.98","84.29","","","","","","","","","","","","","","","",""
"2020","40","23.23","83.91","","","","","","","","","","","","","","","",""
"2020","41","23.8","81.46","","","","","","","","","","","","","","","",""
"2020","42","24.28","73.95","","","","","","","","","","","","","","","",""
"2020","43","24.3","73.25","","","","","","","","","","","","","","","",""
"2020","44","24.15","78.24","","","","","","","","","","","","","","","",""
"2020","45","23.97","80.3","","","","","","","","","","","","","","","",""
"2020","46","23.48","83.78","","","","","","","","","","","","","","","",""
"2020","47","23.71","80.87","","","","","","","","","","","","","","","",""
"2020","48","24.21","80.09","","","","","","","","","","","","","","","",""
"2020","49","24.92","74.68","","","","","","","","","","","","","","","",""
"2020","50","24.7","75.22","","","","","","","","","","","","","","","",""
"2020","51","23.23","81.46","","","","","","","","","","","","","","","",""
"2020","52","23.18","85.86","","","","","","","","","","","","","","","",""
"2020","53","23.45","84.87","","","","","","","","","","","","","","","",""
"2020","54","23.41","84.51","","","","","","","","","","","","","","","",""
"2020","55","22.95","86.12","","","","","","","","","","","","","","","",""
"2020","56","22.56","84.74","","","","","","","","","","","","","","","",""
"2020","57","22.92","85.7","","","","","","","","","","","","","","","",""
"2020","58","23.07","87.2","","","","","","","","","","","","","","","",""
"2020","59","22.54","90.86","","","","","","","","","","","","","","","",""
"2020","60","22.15","91.6","","","","","","","","","","","","","","","",""
"2020","61","22.57","88.45","","","","","","","","","","","","","","","",""
"2020","62","22.77","87.98","","","","","","","","","","","","","","","",""
"2020","63","23.71","84.38","","","","","","","","","","","","","","","",""
"2020","64","24.32","82.32","","","","","","","","","","","","","","","",""
"2020","65","24.24","83.17","","","","","","","","","","","","","","","",""
"2020","66","23.37","86.52","","","","","","","","","","","","","","","",""
"2020","67","23.13","87.16","","","","","","","","","","","","","","","",""
"2020","68","23.41","84.96","","","","","","","","","","","","","","","",""
"2020","69","23.32","87.76","","","","","","","","","","","","","","","",""
"2020","70","22.65","88.3","","","","","","","","","","","","","","","",""
"2020","71","22.5","87.18","","","","","","","","","","","","","","","",""
"2020","72","22.36","88.82","","","","","","","","","","","","","","","",""
"2020","73","22.11","90.44","","","","","","","","","","","","","","","",""
"2020","74","21.75","88.04","","","","","","","","","","","","","","","",""
"2020","75","22.31","84.07","","","","","","","","","","","","","","","",""
"2020","76","22.1","87.36","","","","","","","","","","","","","","","",""
"2020","77","22.27","85.4","","","","","","","","","","","","","","","",""
"2020","78","22.95","85.8","","","","","","","","","","","","","","","",""
"2020","79","22.69","83.37","","","","","","","","","","","","","","","",""
"2020","80","21.89","89.6","","","","","","","","","","","","","","","",""
"2020","81","22.62","85.06","","","","","","","","","","","","","","","",""
"2020","82","22.99","82.36","","","","","","","","","","","","","","","",""
"2020","83","22.94","83.97","","","","","","","","","","","","","","","",""
"2020","84","22.86","78.51","","","","","","","","","","","","","","","",""
"2020","85","22.27","85.09","","","","","","","","","","","","","","","",""
"2020","86","22.33","85.46","","","","","","","","","","","","","","","",""
"2020","87","22.21","85.41","","","","","","","","","","","","","","","",""
"2020","88","22.34","83.72","","","","","","","","","","","","","","","",""
"2020","89","21.89","84.91","","","","","","","","","","","","","","","",""
"2020","90","22.29","83.73","","","","","","","","","","","","","","","",""
"2020","91","22.37","84.19","","","","","","","","","","","","","","","",""
"2020","92","21.88","81.97","","","","","","","","","","","","","","","",""
"2020","93","23.01","77.53","","","","","","","","","","","","","","","",""
"2020","94","23.51","79.65","","","","","","","","","","","","","","","",""
"2020","95","23.6","81.62","","","","","","","","","","","","","","","",""
"2020","96","23.31","82.44","","","","","","","","","","","","","","","",""
"2020","97","23.22","78.4","","","","","","","","","","","","","","","",""
"2020","98","23.52","77.32","","","","","","","","","","","","","","","",""
"2020","99","23.04","80.14","","","","","","","","","","","","","","","",""
"2020","100","23.5","78.8","","","","","","","","","","","","","","","",""
"2020","101","23.38","82.12","","","","","","","","","","","","","","","",""
"2020","102","22.36","86.16","","","","","","","","","","","","","","","",""
"2020","103","22.62","88.08","","","","","","","","","","","","","","","",""
"2020","104","23.02","84.63","","","","","","","","","","","","","","","",""
"2020","105","21.88","86.77","","","","","","","","","","","","","","","",""
"2020","106","22.13","86.29","","","","","","","","","","","","","","","",""
"2020","107","22.84","84.86","","","","","","","","","","","","","","","",""
"2020","108","23.14","80.77","","","","","","","","","","","","","","","",""
"2020","109","22.66","82.27","","","","","","","","","","","","","","","",""
"2020","110","22.99","82.78","","","","","","","","","","","","","","","",""
"2020","111","23.49","78.73","","","","","","","","","","","","","","","",""
"2020","112","23.9","76.15","","","","","","","","","","","","","","","",""
"2020","113","23.39","79.2","","","","","","","","","","","","","","","",""
"2020","114","22.78","80.39","","","","","","","","","","","","","","","",""
"2020","115","22.54","80.17","","","","","","","","","","","","","","","",""
"2020","116","22.23","82.31","","","","","","","","","","","","","","","",""
"2020","117","23.27","78.91","","","","","","","","","","","","","","","",""
"2020","118","23.58","77.14","","","","","","","","","","","","","","","",""
"2020","119","23.13","78.54","","","","","","","","","","","","","","","",""
"2020","120","23.34","77.91","","","","","","","","","","","","","","","",""
"2020","121","23.39","75.42","","","","","","","","","","","","","","","",""
"2020","122","23.54","76.5","","","","","","","","","","","","","","","",""
"2020","123","23.56","75.75","","","","","","","","","","","","","","","",""
"2020","124","23.19","78.5","","","","","","","","","","","","","","","",""
"2020","125","22.96","82.22","","","","","","","","","","","","","","","",""
"2020","126","23.68","79.14","","","","","","","","","","","","","","","",""
"2020","127","24.17","76.46","","","","","","","","","","","","","","","",""
"2020","128","24.2","75.71","","","","","","","","","","","","","","","",""
"2020","129","24.11","75.2","","","","","","","","","","","","","","","",""
"2020","130","24.11","76.64","","","","","","","","","","","","","","","",""
"2020","131","24.61","75.15","","","","","","","","","","","","","","","",""
"2020","132","23.75","76.06","","","","","","","","","","","","","","","",""
"2020","133","22.82","80.3","","","","","","","","","","","","","","","",""
"2020","134","22.67","82.65","","","","","","","","","","","","","","","",""
"2020","135","23.79","76.64","","","","","","","","","","","","","","","",""
"2020","136","24.3","73.08","","","","","","","","","","","","","","","",""
"2020","137","24.35","70.7","","","","","","","","","","","","","","","",""
"2020","138","23.93","69.17","","","","","","","","","","","","","","","",""
"2020","139","23.54","73.34","","","","","","","","","","","","","","","",""
"2020","140","24","70.32","","","","","","","","","","","","","","","",""
"2020","141","24.01","69.05","","","","","","","","","","","","","","","",""
"2020","142","24.01","72.65","","","","","","","","","","","","","","","",""
"2020","143","24.07","70.83","","","","","","","","","","","","","","","",""
"2020","144","24.13","67.97","","","","","","","","","","","","","","","",""
"2020","145","24.34","67.5","","","","","","","","","","","","","","","",""
"2020","146","23.73","67.27","","","","","","","","","","","","","","","",""
"2020","147","24.45","64.26","","","","","","","","","","","","","","","",""
"2020","148","23.61","66.25","","","","","","","","","","","","","","","",""
"2020","149","23.12","69.02","","","","","","","","","","","","","","","",""
"2020","150","22.41","74.93","","","","","","","","","","","","","","","",""
"2020","151","22.4","77.49","","","","","","","","","","","","","","","",""
"2020","152","22.69","76.93","","","","","","","","","","","","","","","",""
"2020","153","23.16","72.92","","","","","","","","","","","","","","","",""
"2020","154","23.09","71.09","","","","","","","","","","","","","","","",""
"2020","155","22.99","71.59","","","","","","","","","","","","","","","",""
"2020","156","23.6","69.98","","","","","","","","","","","","","","","",""
"2020","157","23.22","67.4","","","","","","","","","","","","","","","",""
"2020","158","23.63","65.98","","","","","","","","","","","","","","","",""
"2020","159","23.74","65.33","","","","","","","","","","","","","","","",""
"2020","160","24.51","60.37","","","","","","","","","","","","","","","",""
"2020","161","24.02","64.77","","","","","","","","","","","","","","","",""
"2020","162","23.23","66.64","","","","","","","","","","","","","","","",""
"2020","163","23.58","66.63","","","","","","","","","","","","","","","",""
"2020","164","23.4","64.36","","","","","","","","","","","","","","","",""
"2020","165","23.83","63.12","","","","","","","","","","","","","","","",""
"2020","166","23.82","65.57","","","","","","","","","","","","","","","",""
"2020","167","23.63","66.09","","","","","","","","","","","","","","","",""
"2020","168","23.34","66.75","","","","","","","","","","","","","","","",""
"2020","169","24.47","62.82","","","","","","","","","","","","","","","",""
"2020","170","23.39","71.86","","","","","","","","","","","","","","","",""
"2020","171","23.43","66.51","","","","","","","","","","","","","","","",""
"2020","172","23.98","64.99","","","","","","","","","","","","","","","",""
"2020","173","23.67","66.81","","","","","","","","","","","","","","","",""
"2020","174","23.99","66.03","","","","","","","","","","","","","","","",""
"2020","175","23.61","67.43","","","","","","","","","","","","","","","",""
"2020","176","22.64","76.09","","","","","","","","","","","","","","","",""
"2020","177","22.42","73.77","","","","","","","","","","","","","","","",""
"2020","178","22.57","71.39","","","","","","","","","","","","","","","",""
"2020","179","23.1","70.45","","","","","","","","","","","","","","","",""
"2020","180","23.33","67.81","","","","","","","","","","","","","","","",""
"2020","181","22.86","70.18","","","","","","","","","","","","","","","",""
"2020","182","22.81","67.4","","","","","","","","","","","","","","","",""
"2020","183","22.97","66.28","","","","","","","","","","","","","","","",""
"2020","184","22.98","67.16","","","","","","","","","","","","","","","",""
"2020","185","22.5","70.15","","","","","","","","","","","","","","","",""
"2020","186","22.53","67.44","","","","","","","","","","","","","","","",""
"2020","187","23.29","66.22","","","","","","","","","","","","","","","",""
"2020","188","23.17","66.25","","","","","","","","","","","","","","","",""
"2020","189","22.98","68.77","","","","","","","","","","","","","","","",""
"2020","190","23.17","66.62","","","","","","","","","","","","","","","",""
"2020","191","23.48","64.09","","","","","","","","","","","","","","","",""
"2020","192","22.85","70.11","","","","","","","","","","","","","","","",""
"2020","193","23.02","74.71","","","","","","","","","","","","","","","",""
"2020","194","23.24","70.91","","","","","","","","","","","","","","","",""
"2020","195","21.63","72.97","","","","","","","","","","","","","","","",""
"2020","196","22.57","66.3","","","","","","","","","","","","","","","",""
"2020","197","23.36","63.5","","","","","","","","","","","","","","","",""
"2020","198","24.07","57.18","","","","","","","","","","","","","","","",""
"2020","199","24.12","59.69","","","","","","","","","","","","","","","",""
"2020","200","23.6","61.03","","","","","","","","","","","","","","","",""
"2020","201","23.59","61.16","","","","","","","","","","","","","","","",""
"2020","202","23.18","62.98","","","","","","","","","","","","","","","",""
"2020","203","23.17","65.38","","","","","","","","","","","","","","","",""
"2020","204","22.96","65.68","","","","","","","","","","","","","","","",""
"2020","205","23.21","66.87","","","","","","","","","","","","","","","",""
"2020","206","23.13","65.34","","","","","","","","","","","","","","","",""
"2020","207","23.68","63.67","","","","","","","","","","","","","","","",""
"2020","208","23.68","62.99","","","","","","","","","","","","","","","",""
"2020","209","23.71","63.37","","","","","","","","","","","","","","","",""
"2020","210","23.78","61.62","","","","","","","","","","","","","","","",""
"2020","211","23.62","61.43","","","","","","","","","","","","","","","",""
"2020","212","24.12","58.77","","","","","","","","","","","","","","","",""
"2020","213","24.42","58.31","","","","","","","","","","","","","","","",""
"2020","214","24.71","60.76","","","","","","","","","","","","","","","",""
"2020","215","25.22","53.66","","","","","","","","","","","","","","","",""
"2020","216","24.15","61.29","","","","","","","","","","","","","","","",""
"2020","217","25.44","55.41","","","","","","","","","","","","","","","",""
"2020","218","23.78","56.77","","","","","","","","","","","","","","","",""
"2020","219","23.8","57.22","","","","","","","","","","","","","","","",""
"2020","220","24.38","56.52","","","","","","","","","","","","","","","",""
"2020","221","24.59","57.05","","","","","","","","","","","","","","","",""
"2020","222","24.22","56.34","","","","","","","","","","","","","","","",""
"2020","223","23.78","57.78","","","","","","","","","","","","","","","",""
"2020","224","23.69","62.88","","","","","","","","","","","","","","","",""
"2020","225","23.82","63.27","","","","","","","","","","","","","","","",""
"2020","226","23.14","64.05","","","","","","","","","","","","","","","",""
"2020","227","23.62","65.68","","","","","","","","","","","","","","","",""
"2020","228","23.91","60.91","","","","","","","","","","","","","","","",""
"2020","229","24.07","56.91","","","","","","","","","","","","","","","",""
"2020","230","23.31","62.93","","","","","","","","","","","","","","","",""
"2020","231","21.98","68.28","","","","","","","","","","","","","","","",""
"2020","232","22.27","65.4","","","","","","","","","","","","","","","",""
"2020","233","22.36","65.36","","","","","","","","","","","","","","","",""
"2020","234","22.11","66.38","","","","","","","","","","","","","","","",""
"2020","235","23.62","57.89","","","","","","","","","","","","","","","",""
"2020","236","22.58","59.31","","","","","","","","","","","","","","","",""
"2020","237","22.26","59.49","","","","","","","","","","","","","","","",""
"2020","238","21.92","60.85","","","","","","","","","","","","","","","",""
"2020","239","22.19","60.24","","","","","","","","","","","","","","","",""
"2020","240","22.38","61.63","","","","","","","","","","","","","","","",""
"2020","241","22.41","62.74","","","","","","","","","","","","","","","",""
"2020","242","23.19","59.12","","","","","","","","","","","","","","","",""
"2020","243","23.39","60.86","","","","","","","","","","","","","","","",""
"2020","244","22.51","63.6","","","","","","","","","","","","","","","",""
"2020","245","23.41","58.18","","","","","","","","","","","","","","","",""
"2020","246","23.56","58.1","","","","","","","","","","","","","","","",""
"2020","247","23.37","61.21","","","","","","","","","","","","","","","",""
"2020","248","23.99","61.57","","","","","","","","","","","","","","","",""
"2020","249","23.82","60.5","","","","","","","","","","","","","","","",""
"2020","250","22.88","62.39","","","","","","","","","","","","","","","",""
"2020","251","23.09","61.17","","","","","","","","","","","","","","","",""
"2020","252","23.52","62.65","","","","","","","","","","","","","","","",""
"2020","253","24.77","56.73","","","","","","","","","","","","","","","",""
"2020","254","24.31","60.71","","","","","","","","","","","","","","","",""
"2020","255","24.2","65.2","","","","","","","","","","","","","","","",""
"2020","256","24.15","63.81","","","","","","","","","","","","","","","",""
"2020","257","23.97","62.14","","","","","","","","","","","","","","","",""
"2020","258","23.97","66.57","","","","","","","","","","","","","","","",""
"2020","259","24.11","61.57","","","","","","","","","","","","","","","",""
"2020","260","23.97","61.59","","","","","","","","","","","","","","","",""
"2020","261","23.37","66.71","","","","","","","","","","","","","","","",""
"2020","262","23.44","70.39","","","","","","","","","","","","","","","",""
"2020","263","23.57","70.01","","","","","","","","","","","","","","","",""
"2020","264","23.88","63.85","","","","","","","","","","","","","","","",""
"2020","265","23.44","61.58","","","","","","","","","","","","","","","",""
"2020","266","24.21","59.49","","","","","","","","","","","","","","","",""
"2020","267","23.5","60.22","","","","","","","","","","","","","","","",""
"2020","268","23.56","61.81","","","","","","","","","","","","","","","",""
"2020","269","23.9","65.75","","","","","","","","","","","","","","","",""
"2020","270","23.6","65.55","","","","","","","","","","","","","","","",""
"2020","271","23.92","67.81","","","","","","","","","","","","","","","",""
"2020","272","23.51","66.04","","","","","","","","","","","","","","","",""
"2020","273","22.9","67.28","","","","","","","","","","","","","","","",""
"2020","274","23.35","64.66","","","","","","","","","","","","","","","",""
"2020","275","23.66","65.06","","","","","","","","","","","","","","","",""
"2020","276","23.63","64.34","","","","","","","","","","","","","","","",""
"2020","277","24.23","62.12","","","","","","","","","","","","","","","",""
"2020","278","24.02","64.76","","","","","","","","","","","","","","","",""
"2020","279","24.43","65.16","","","","","","","","","","","","","","","",""
"2020","280","23.65","63.83","","","","","","","","","","","","","","","",""
"2020","281","25.03","53.49","","","","","","","","","","","","","","","",""
"2020","282","23.81","62.35","","","","","","","","","","","","","","","",""
"2020","283","23.86","67.68","","","","","","","","","","","","","","","",""
"2020","284","25.24","60.25","","","","","","","","","","","","","","","",""
"2020","285","24.44","61.24","","","","","","","","","","","","","","","",""
"2020","286","24.41","61.49","","","","","","","","","","","","","","","",""
"2020","287","24.66","60.83","","","","","","","","","","","","","","","",""
"2020","288","24.2","65.62","","","","","","","","","","","","","","","",""
"2020","289","24.47","66.48","","","","","","","","","","","","","","","",""
"2020","290","24.49","68.08","","","","","","","","","","","","","","","",""
"2020","291","24.41","65.93","","","","","","","","","","","","","","","",""
"2020","292","24.31","63.09","","","","","","","","","","","","","","","",""
"2020","293","23.94","63.68","","","","","","","","","","","","","","","",""
"2020","294","24.32","64.51","","","","","","","","","","","","","","","",""
"2020","295","24.15","64.75","","","","","","","","","","","","","","","",""
"2020","296","25.61","57.47","","","","","","","","","","","","","","","",""
"2020","297","24.12","62.43","","","","","","","","","","","","","","","",""
"2020","298","23.86","65.66","","","","","","","","","","","","","","","",""
"2020","299","23.36","70.77","","","","","","","","","","","","","","","",""
"2020","300","22.88","74.8","","","","","","","","","","","","","","","",""
"2020","301","22.88","75.19","","","","","","","","","","","","","","","",""
"2020","302","22.97","71.13","","","","","","","","","","","","","","","",""
"2020","303","24.03","64.63","","","","","","","","","","","","","","","",""
"2020","304","24.21","63.88","","","","","","","","","","","","","","","",""
"2020","305","24.67","68.59","","","","","","","","","","","","","","","",""
"2020","306","24.1","65.82","","","","","","","","","","","","","","","",""
"2020","307","23.36","64.14","","","","","","","","","","","","","","","",""
"2020","308","23.16","65.51","","","","","","","","","","","","","","","",""
"2020","309","23.02","63.9","","","","","","","","","","","","","","","",""
"2020","310","22.92","64.67","","","","","","","","","","","","","","","",""
"2020","311","23.34","67.69","","","","","","","","","","","","","","","",""
"2020","312","24.27","63.73","","","","","","","","","","","","","","","",""
"2020","313","24.03","61.65","","","","","","","","","","","","","","","",""
"2020","314","23.57","62.11","","","","","","","","","","","","","","","",""
"2020","315","22.87","66.28","","","","","","","","","","","","","","","",""
"2020","316","21.52","70.55","","","","","","","","","","","","","","","",""
"2020","317","21.16","72.48","","","","","","","","","","","","","","","",""
"2020","318","21.42","69.11","","","","","","","","","","","","","","","",""
"2020","319","21.6","68.27","","","","","","","","","","","","","","","",""
"2020","320","21.29","72.89","","","","","","","","","","","","","","","",""
"2020","321","21.65","70.32","","","","","","","","","","","","","","","",""
"2020","322","22.5","69.56","","","","","","","","","","","","","","","",""
"2020","323","21.9","73.52","","","","","","","","","","","","","","","",""
"2020","324","21.18","78.28","","","","","","","","","","","","","","","",""
"2020","325","21.86","73.67","","","","","","","","","","","","","","","",""
"2020","326","23.02","69.11","","","","","","","","","","","","","","","",""
"2020","327","23.23","68.69","","","","","","","","","","","","","","","",""
"2020","328","23.42","70.59","","","","","","","","","","","","","","","",""
"2020","329","23.46","71.55","","","","","","","","","","","","","","","",""
"2020","330","23.32","67.12","","","","","","","","","","","","","","","",""
"2020","331","23.33","65.69","","","","","","","","","","","","","","","",""
"2020","332","22.56","68.87","","","","","","","","","","","","","","","",""
"2020","333","24.03","69.59","","","","","","","","","","","","","","","",""
"2020","334","23.38","73.12","","","","","","","","","","","","","","","",""
"2020","335","23.08","72.07","","","","","","","","","","","","","","","",""
"2020","336","23.06","71.52","","","","","","","","","","","","","","","",""
"2020","337","23.03","74.37","","","","","","","","","","","","","","","",""
"2020","338","22.94","74.71","","","","","","","","","","","","","","","",""
"2020","339","23.21","75.31","","","","","","","","","","","","","","","",""
"2020","340","22.53","75.8","","","","","","","","","","","","","","","",""
"2020","341","23.6","68.76","","","","","","","","","","","","","","","",""
"2020","342","23.25","71.55","","","","","","","","","","","","","","","",""
"2020","343","22.13","76.77","","","","","","","","","","","","","","","",""
"2020","344","22.97","71.55","","","","","","","","","","","","","","","",""
"2020","345","22.37","80.2","","","","","","","","","","","","","","","",""
"2020","346","22.86","78.12","","","","","","","","","","","","","","","",""
"2020","347","22.99","74.42","","","","","","","","","","","","","","","",""
"2020","348","23.03","74.58","","","","","","","","","","","","","","","",""
"2020","349","23.03","74.31","","","","","","","","","","","","","","","",""
"2020","350","23.15","77.11","","","","","","","","","","","","","","","",""
"2020","351","23.36","74.83","","","","","","","","","","","","","","","",""
"2020","352","22.69","76.28","","","","","","","","","","","","","","","",""
"2020","353","22.97","73.5","","","","","","","","","","","","","","","",""
"2020","354","22.47","75.54","","","","","","","","","","","","","","","",""
"2020","355","23.28","71.32","","","","","","","","","","","","","","","",""
"2020","356","23.39","72.15","","","","","","","","","","","","","","","",""
"2020","357","23.3","75.88","","","","","","","","","","","","","","","",""
"2020","358","24.18","70.26","","","","","","","","","","","","","","","",""
"2020","359","23.34","71.39","","","","","","","","","","","","","","","",""
"2020","360","22.6","74.36","","","","","","","","","","","","","","","",""
"2020","361","22.61","74.38","","","","","","","","","","","","","","","",""
"2020","362","22.42","76.98","","","","","","","","","","","","","","","",""
"2020","363","22.52","75.37","","","","","","","","","","","","","","","",""
"2020","364","22.56","73.81","","","","","","","","","","","","","","","",""
"2020","365","21.87","76.51","","","","","","","","","","","","","","","",""
"2020","366","21.59","83.18","","","","","","","","","","","","","","","",""
"2021","1","22.23","81.21","","","","","","","","","","","","","","","",""
"2021","2","22.79","77.44","","","","","","","","","","","","","","","",""
"2021","3","22.33","76.87","","","","","","","","","","","","","","","",""
"2021","4","21.13","85.68","","","","","","","","","","","","","","","",""
"2021","5","21.45","83.4","","","","","","","","","","","","","","","",""
"2021","6","20.69","87.61","","","","","","","","","","","","","","","",""
"2021","7","21.68","83.56","","","","","","","","","","","","","","","",""
"2021","8","21.57","84.02","","","","","","","","","","","","","","","",""
"2021","9","21.49","83.25","","","","","","","","","","","","","","","",""
"2021","10","22.22","83.91","","","","","","","","","","","","","","","",""
"2021","11","22.58","83.35","","","","","","","","","","","","","","","",""
"2021","12","22.74","83.12","","","","","","","","","","","","","","","",""
"2021","13","22.65","82.74","","","","","","","","","","","","","","","",""
"2021","14","21.91","83.84","","","","","","","","","","","","","","","",""
"2021","15","21.61","85.38","","","","","","","","","","","","","","","",""
"2021","16","22.15","85.99","","","","","","","","","","","","","","","",""
"2021","17","22.39","85.07","","","","","","","","","","","","","","","",""
"2021","18","21.98","86.48","","","","","","","","","","","","","","","",""
"2021","19","22.12","86.04","","","","","","","","","","","","","","","",""
"2021","20","22.38","84.13","","","","","","","","","","","","","","","",""
"2021","21","22.06","84.12","","","","","","","","","","","","","","","",""
"2021","22","22.23","83.48","","","","","","","","","","","","","","","",""
"2021","23","22.57","85.65","","","","","","","","","","","","","","","",""
"2021","24","22.28","85.47","","","","","","","","","","","","","","","",""
"2021","25","21.58","87.06","","","","","","","","","","","","","","","",""
"2021","26","22.12","84.27","","","","","","","","","","","","","","","",""
"2021","27","22.7","82.74","","","","","","","","","","","","","","","",""
"2021","28","22.55","86.64","","","","","","","","","","","","","","","",""
"2021","29","22.16","86.51","","","","","","","","","","","","","","","",""
"2021","30","22.83","83.39","","","","","","","","","","","","","","","",""
"2021","31","23.36","79.93","","","","","","","","","","","","","","","",""
"2021","32","23.34","80.9","","","","","","","","","","","","","","","",""
"2021","33","22.68","86.53","","","","","","","","","","","","","","","",""
"2021","34","23.09","84.32","","","","","","","","","","","","","","","",""
"2021","35","22.31","88.1","","","","","","","","","","","","","","","",""
"2021","36","22.59","85.29","","","","","","","","","","","","","","","",""
"2021","37","22.98","83.81","","","","","","","","","","","","","","","",""
"2021","38","23.51","83.48","","","","","","","","","","","","","","","",""
"2021","39","22.59","86.63","","","","","","","","","","","","","","","",""
"2021","40","22.96","84.89","","","","","","","","","","","","","","","",""
"2021","41","22.01","88.98","","","","","","","","","","","","","","","",""
"2021","42","22.59","88.96","","","","","","","","","","","","","","","",""
"2021","43","22.57","89.06","","","","","","","","","","","","","","","",""
"2021","44","22.95","84.93","","","","","","","","","","","","","","","",""
"2021","45","22.32","88.91","","","","","","","","","","","","","","","",""
"2021","46","21.64","89.05","","","","","","","","","","","","","","","",""
"2021","47","22.03","89.22","","","","","","","","","","","","","","","",""
"2021","48","21.92","88.49","","","","","","","","","","","","","","","",""
"2021","49","22.55","81.3","","","","","","","","","","","","","","","",""
"2021","50","22.48","84.36","","","","","","","","","","","","","","","",""
"2021","51","22.89","86.24","","","","","","","","","","","","","","","",""
"2021","52","22.36","86.93","","","","","","","","","","","","","","","",""
"2021","53","21.15","89.49","","","","","","","","","","","","","","","",""
"2021","54","22.02","86.6","","","","","","","","","","","","","","","",""
"2021","55","22.98","81.19","","","","","","","","","","","","","","","",""
"2021","56","22.58","82.8","","","","","","","","","","","","","","","",""
"2021","57","22.78","83.65","","","","","","","","","","","","","","","",""
"2021","58","22.84","86.16","","","","","","","","","","","","","","","",""
"2021","59","22.69","86.4","","","","","","","","","","","","","","","",""
"2021","60","22.03","87.93","","","","","","","","","","","","","","","",""
"2021","61","21.68","91.46","","","","","","","","","","","","","","","",""
"2021","62","22.79","83.28","","","","","","","","","","","","","","","",""
"2021","63","22.09","90.02","","","","","","","","","","","","","","","",""
"2021","64","21.4","91.7","","","","","","","","","","","","","","","",""
"2021","65","22.44","86.84","","","","","","","","","","","","","","","",""
"2021","66","21.9","90.47","","","","","","","","","","","","","","","",""
"2021","67","21.39","90.49","","","","","","","","","","","","","","","",""
"2021","68","21.09","91.65","","","","","","","","","","","","","","","",""
"2021","69","21.42","89.44","","","","","","","","","","","","","","","",""
"2021","70","21.19","90.79","","","","","","","","","","","","","","","",""
"2021","71","21.79","85.75","","","","","","","","","","","","","","","",""
"2021","72","21.81","92.47","","","","","","","","","","","","","","","",""
"2021","73","22.7","84.44","","","","","","","","","","","","","","","",""
"2021","74","22","89.38","","","","","","","","","","","","","","","",""
"2021","75","21.78","86.31","","","","","","","","","","","","","","","",""
"2021","76","22.68","76.81","","","","","","","","","","","","","","","",""
"2021","77","22.18","84.14","","","","","","","","","","","","","","","",""
"2021","78","22.23","82.81","","","","","","","","","","","","","","","",""
"2021","79","22.48","84.98","","","","","","","","","","","","","","","",""
"2021","80","22.45","87.33","","","","","","","","","","","","","","","",""
"2021","81","21.7","88.47","","","","","","","","","","","","","","","",""
"2021","82","22.26","84.56","","","","","","","","","","","","","","","",""
"2021","83","21.75","89.01","","","","","","","","","","","","","","","",""
"2021","84","22.66","86.14","","","","","","","","","","","","","","","",""
"2021","85","22.32","86.18","","","","","","","","","","","","","","","",""
"2021","86","22.24","84.76","","","","","","","","","","","","","","","",""
"2021","87","22.85","85.26","","","","","","","","","","","","","","","",""
"2021","88","22.34","84.09","","","","","","","","","","","","","","","",""
"2021","89","22.69","79.2","","","","","","","","","","","","","","","",""
"2021","90","22.94","80.28","","","","","","","","","","","","","","","",""
"2021","91","22.9","79.91","","","","","","","","","","","","","","","",""
"2021","92","22.75","82.05","","","","","","","","","","","","","","","",""
"2021","93","22.65","82.7","","","","","","","","","","","","","","","",""
"2021","94","22.67","83.6","","","","","","","","","","","","","","","",""
"2021","95","22.76","83.12","","","","","","","","","","","","","","","",""
"2021","96","22.6","81.28","","","","","","","","","","","","","","","",""
"2021","97","22.22","83.8","","","","","","","","","","","","","","","",""
"2021","98","22.55","82.94","","","","","","","","","","","","","","","",""
"2021","99","22.97","82.06","","","","","","","","","","","","","","","",""
"2021","100","22.36","80.51","","","","","","","","","","","","","","","",""
"2021","101","22.73","79.4","","","","","","","","","","","","","","","",""
"2021","102","23.2","77.77","","","","","","","","","","","","","","","",""
"2021","103","23.24","77.45","","","","","","","","","","","","","","","",""
"2021","104","23.07","78.97","","","","","","","","","","","","","","","",""
"2021","105","21.9","83.83","","","","","","","","","","","","","","","",""
"2021","106","22.32","84.06","","","","","","","","","","","","","","","",""
"2021","107","22.65","82.08","","","","","","","","","","","","","","","",""
"2021","108","22.29","83.12","","","","","","","","","","","","","","","",""
"2021","109","22.42","85.33","","","","","","","","","","","","","","","",""
"2021","110","23.05","80.68","","","","","","","","","","","","","","","",""
"2021","111","22.57","81.15","","","","","","","","","","","","","","","",""
"2021","112","22.3","82.73","","","","","","","","","","","","","","","",""
"2021","113","21.99","86.32","","","","","","","","","","","","","","","",""
"2021","114","23.05","81.16","","","","","","","","","","","","","","","",""
"2021","115","22.88","80.74","","","","","","","","","","","","","","","",""
"2021","116","21.3","86.89","","","","","","","","","","","","","","","",""
"2021","117","21.42","86.72","","","","","","","","","","","","","","","",""
"2021","118","21.79","84.55","","","","","","","","","","","","","","","",""
"2021","119","21.41","83.93","","","","","","","","","","","","","","","",""
"2021","120","20.94","89.01","","","","","","","","","","","","","","","",""
"2021","121","21.56","85.57","","","","","","","","","","","","","","","",""
"2021","122","21.53","85.32","","","","","","","","","","","","","","","",""
"2021","123","20.88","85.84","","","","","","","","","","","","","","","",""
"2021","124","22.12","82.77","","","","","","","","","","","","","","","",""
"2021","125","22.24","83.16","","","","","","","","","","","","","","","",""
"2021","126","22.29","83.05","","","","","","","","","","","","","","","",""
"2021","127","22","79.42","","","","","","","","","","","","","","","",""
"2021","128","22.27","77.42","","","","","","","","","","","","","","","",""
"2021","129","23.12","77.33","","","","","","","","","","","","","","","",""
"2021","130","23.3","73.74","","","","","","","","","","","","","","","",""
"2021","131","22.93","71.56","","","","","","","","","","","","","","","",""
"2021","132","23.26","69.52","","","","","","","","","","","","","","","",""
"2021","133","23.55","72.82","","","","","","","","","","","","","","","",""
"2021","134","22.94","73.37","","","","","","","","","","","","","","","",""
"2021","135","22.89","75.52","","","","","","","","","","","","","","","",""
"2021","136","22.66","76.03","","","","","","","","","","","","","","","",""
"2021","137","22.71","75.64","","","","","","","","","","","","","","","",""
"2021","138","22.27","79.65","","","","","","","","","","","","","","","",""
"2021","139","22.79","74.94","","","","","","","","","","","","","","","",""
"2021","140","23.27","76.28","","","","","","","","","","","","","","","",""
"2021","141","22.87","74.4","","","","","","","","","","","","","","","",""
"2021","142","22.58","74.56","","","","","","","","","","","","","","","",""
"2021","143","22.61","72.64","","","","","","","","","","","","","","","",""
"2021","144","22.17","75.32","","","","","","","","","","","","","","","",""
"2021","145","22.78","74.3","","","","","","","","","","","","","","","",""
"2021","146","23","72.34","","","","","","","","","","","","","","","",""
"2021","147","23.19","72.33","","","","","","","","","","","","","","","",""
"2021","148","22.66","72.28","","","","","","","","","","","","","","","",""
"2021","149","22.32","73.88","","","","","","","","","","","","","","","",""
"2021","150","22.33","75.29","","","","","","","","","","","","","","","",""
"2021","151","22.66","74.79","","","","","","","","","","","","","","","",""
"2021","152","23.38","70.78","","","","","","","","","","","","","","","",""
"2021","153","23.45","71.01","","","","","","","","","","","","","","","",""
"2021","154","23.64","70.9","","","","","","","","","","","","","","","",""
"2021","155","23.71","69.02","","","","","","","","","","","","","","","",""
"2021","156","23.4","70.17","","","","","","","","","","","","","","","",""
"2021","157","22.5","71.72","","","","","","","","","","","","","","","",""
"2021","158","21.72","78.48","","","","","","","","","","","","","","","",""
"2021","159","21.41","82.62","","","","","","","","","","","","","","","",""
"2021","160","21.65","83","","","","","","","","","","","","","","","",""
"2021","161","22.05","77.67","","","","","","","","","","","","","","","",""
"2021","162","22.03","75.25","","","","","","","","","","","","","","","",""
"2021","163","22.14","75.97","","","","","","","","","","","","","","","",""
"2021","164","21.81","78.61","","","","","","","","","","","","","","","",""
"2021","165","21.92","77.35","","","","","","","","","","","","","","","",""
"2021","166","21.5","78.71","","","","","","","","","","","","","","","",""
"2021","167","22.53","77.69","","","","","","","","","","","","","","","",""
"2021","168","22.71","74.48","","","","","","","","","","","","","","","",""
"2021","169","22.52","73","","","","","","","","","","","","","","","",""
"2021","170","22.42","74.01","","","","","","","","","","","","","","","",""
"2021","171","22.27","73.96","","","","","","","","","","","","","","","",""
"2021","172","22.79","72.46","","","","","","","","","","","","","","","",""
"2021","173","22.66","70.08","","","","","","","","","","","","","","","",""
"2021","174","22.68","71.46","","","","","","","","","","","","","","","",""
"2021","175","22.12","75.07","","","","","","","","","","","","","","","",""
"2021","176","21.51","77.6","","","","","","","","","","","","","","","",""
"2021","177","21.08","77.13","","","","","","","","","","","","","","","",""
"2021","178","20.92","75.56","","","","","","","","","","","","","","","",""
"2021","179","22.12","76.17","","","","","","","","","","","","","","","",""
"2021","180","22.92","70.45","","","","","","","","","","","","","","","",""
"2021","181","22.49","72.84","","","","","","","","","","","","","","","",""
"2021","182","22.31","73.11","","","","","","","","","","","","","","","",""
"2021","183","22.68","70.83","","","","","","","","","","","","","","","",""
"2021","184","22.58","67.63","","","","","","","","","","","","","","","",""
"2021","185","22.06","66.85","","","","","","","","","","","","","","","",""
"2021","186","21.64","61.97","","","","","","","","","","","","","","","",""
"2021","187","22.07","62.97","","","","","","","","","","","","","","","",""
"2021","188","22.47","69.6","","","","","","","","","","","","","","","",""
"2021","189","22.1","70.64","","","","","","","","","","","","","","","",""
"2021","190","22.18","70.89","","","","","","","","","","","","","","","",""
"2021","191","22.47","72","","","","","","","","","","","","","","","",""
"2021","192","22.38","70.58","","","","","","","","","","","","","","","",""
"2021","193","22.25","68.43","","","","","","","","","","","","","","","",""
"2021","194","22.22","69.19","","","","","","","","","","","","","","","",""
"2021","195","22.81","66.84","","","","","","","","","","","","","","","",""
"2021","196","22.75","69.04","","","","","","","","","","","","","","","",""
"2021","197","22.14","70.35","","","","","","","","","","","","","","","",""
"2021","198","22.27","70.16","","","","","","","","","","","","","","","",""
"2021","199","22.32","71.55","","","","","","","","","","","","","","","",""
"2021","200","23.64","65.79","","","","","","","","","","","","","","","",""
"2021","201","23.34","68.01","","","","","","","","","","","","","","","",""
"2021","202","23.78","63.07","","","","","","","","","","","","","","","",""
"2021","203","23.99","62.17","","","","","","","","","","","","","","","",""
"2021","204","23.59","60.36","","","","","","","","","","","","","","","",""
"2021","205","23.08","63.03","","","","","","","","","","","","","","","",""
"2021","206","22.37","68.27","","","","","","","","","","","","","","","",""
"2021","207","23.08","66.27","","","","","","","","","","","","","","","",""
"2021","208","23.15","65.63","","","","","","","","","","","","","","","",""
"2021","209","23.64","62.78","","","","","","","","","","","","","","","",""
"2021","210","23.86","62.63","","","","","","","","","","","","","","","",""
"2021","211","24.02","60.31","","","","","","","","","","","","","","","",""
"2021","212","24.09","60.75","","","","","","","","","","","","","","","",""
"2021","213","24.12","59.86","","","","","","","","","","","","","","","",""
"2021","214","24.12","58.36","","","","","","","","","","","","","","","",""
"2021","215","24.65","56.5","","","","","","","","","","","","","","","",""
"2021","216","24.72","54.49","","","","","","","","","","","","","","","",""
"2021","217","23.99","51.57","","","","","","","","","","","","","","","",""
"2021","218","23.68","58.13","","","","","","","","","","","","","","","",""
"2021","219","23.27","62.06","","","","","","","","","","","","","","","",""
"2021","220","23.13","64.87","","","","","","","","","","","","","","","",""
"2021","221","23.33","62.12","","","","","","","","","","","","","","","",""
"2021","222","23.34","61.35","","","","","","","","","","","","","","","",""
"2021","223","23.15","60.48","","","","","","","","","","","","","","","",""
"2021","224","22.73","62.38","","","","","","","","","","","","","","","",""
"2021","225","22.9","65.22","","","","","","","","","","","","","","","",""
"2021","226","23.4","62.07","","","","","","","","","","","","","","","",""
"2021","227","23.11","64.28","","","","","","","","","","","","","","","",""
"2021","228","23.29","60.78","","","","","","","","","","","","","","","",""
"2021","229","23.4","62.05","","","","","","","","","","","","","","","",""
"2021","230","23.71","62.76","","","","","","","","","","","","","","","",""
"2021","231","23.44","63.83","","","","","","","","","","","","","","","",""
"2021","232","23.24","63.28","","","","","","","","","","","","","","","",""
"2021","233","23.82","62.35","","","","","","","","","","","","","","","",""
"2021","234","23.68","61","","","","","","","","","","","","","","","",""
"2021","235","23.06","63.57","","","","","","","","","","","","","","","",""
"2021","236","22.74","63.93","","","","","","","","","","","","","","","",""
"2021","237","23.06","64.89","","","","","","","","","","","","","","","",""
"2021","238","23.04","63.06","","","","","","","","","","","","","","","",""
"2021","239","23.36","61.01","","","","","","","","","","","","","","","",""
"2021","240","23.84","61.52","","","","","","","","","","","","","","","",""
"2021","241","24.33","59.77","","","","","","","","","","","","","","","",""
"2021","242","23.81","60.41","","","","","","","","","","","","","","","",""
"2021","243","23.96","59.88","","","","","","","","","","","","","","","",""
"2021","244","24.13","63.34","","","","","","","","","","","","","","","",""
"2021","245","23.45","64.41","","","","","","","","","","","","","","","",""
"2021","246","23.88","61.36","","","","","","","","","","","","","","","",""
"2021","247","24.07","60.18","","","","","","","","","","","","","","","",""
"2021","248","23.43","62.59","","","","","","","","","","","","","","","",""
"2021","249","23.23","64.86","","","","","","","","","","","","","","","",""
"2021","250","23.73","63.43","","","","","","","","","","","","","","","",""
"2021","251","23.21","64.93","","","","","","","","","","","","","","","",""
"2021","252","23.69","62.73","","","","","","","","","","","","","","","",""
"2021","253","23.87","61.26","","","","","","","","","","","","","","","",""
"2021","254","22.56","64.79","","","","","","","","","","","","","","","",""
"2021","255","23.46","61.35","","","","","","","","","","","","","","","",""
"2021","256","23.5","65.26","","","","","","","","","","","","","","","",""
"2021","257","23.35","60.41","","","","","","","","","","","","","","","",""
"2021","258","23.62","60.48","","","","","","","","","","","","","","","",""
"2021","259","24.6","54.22","","","","","","","","","","","","","","","",""
"2021","260","24.91","55.58","","","","","","","","","","","","","","","",""
"2021","261","23.99","59.67","","","","","","","","","","","","","","","",""
"2021","262","23.49","61.3","","","","","","","","","","","","","","","",""
"2021","263","23.86","59.63","","","","","","","","","","","","","","","",""
"2021","264","23.91","61.1","","","","","","","","","","","","","","","",""
"2021","265","24.45","57.31","","","","","","","","","","","","","","","",""
"2021","266","24.77","56.05","","","","","","","","","","","","","","","",""
"2021","267","25.12","55.68","","","","","","","","","","","","","","","",""
"2021","268","25.15","55.55","","","","","","","","","","","","","","","",""
"2021","269","24.9","56.1","","","","","","","","","","","","","","","",""
"2021","270","24.87","57.02","","","","","","","","","","","","","","","",""
"2021","271","24.43","55.7","","","","","","","","","","","","","","","",""
"2021","272","23.75","61.06","","","","","","","","","","","","","","","",""
"2021","273","23.94","60.71","","","","","","","","","","","","","","","",""
"2021","274","25","56.3","","","","","","","","","","","","","","","",""
"2021","275","24.41","58.66","","","","","","","","","","","","","","","",""
"2021","276","23.61","61.94","","","","","","","","","","","","","","","",""
"2021","277","23.36","63.4","","","","","","","","","","","","","","","",""
"2021","278","23.52","62.59","","","","","","","","","","","","","","","",""
"2021","279","24.27","57.92","","","","","","","","","","","","","","","",""
"2021","280","24.59","57.12","","","","","","","","","","","","","","","",""
"2021","281","25.05","53.96","","","","","","","","","","","","","","","",""
"2021","282","24.57","59.15","","","","","","","","","","","","","","","",""
"2021","283","23.25","68.31","","","","","","","","","","","","","","","",""
"2021","284","23.58","66.06","","","","","","","","","","","","","","","",""
"2021","285","24","63.66","","","","","","","","","","","","","","","",""
"2021","286","25.07","60.68","","","","","","","","","","","","","","","",""
"2021","287","23.71","64.75","","","","","","","","","","","","","","","",""
"2021","288","22.8","66.73","","","","","","","","","","","","","","","",""
"2021","289","24","61.14","","","","","","","","","","","","","","","",""
"2021","290","23.35","66.06","","","","","","","","","","","","","","","",""
"2021","291","23.71","65.84","","","","","","","","","","","","","","","",""
"2021","292","23.8","66.59","","","","","","","","","","","","","","","",""
"2021","293","22.85","68.52","","","","","","","","","","","","","","","",""
"2021","294","23.24","68.57","","","","","","","","","","","","","","","",""
"2021","295","23.05","68.95","","","","","","","","","","","","","","","",""
"2021","296","23.16","67.69","","","","","","","","","","","","","","","",""
"2021","297","23.3","67.12","","","","","","","","","","","","","","","",""
"2021","298","22.47","71.37","","","","","","","","","","","","","","","",""
"2021","299","23.02","70.69","","","","","","","","","","","","","","","",""
"2021","300","23.43","69.43","","","","","","","","","","","","","","","",""
"2021","301","23.61","67.25","","","","","","","","","","","","","","","",""
"2021","302","23.45","65.88","","","","","","","","","","","","","","","",""
"2021","303","22.65","67.68","","","","","","","","","","","","","","","",""
"2021","304","23.15","66.3","","","","","","","","","","","","","","","",""
"2021","305","22.67","71.01","","","","","","","","","","","","","","","",""
"2021","306","22.19","74.91","","","","","","","","","","","","","","","",""
"2021","307","21.16","77.07","","","","","","","","","","","","","","","",""
"2021","308","21.97","71.89","","","","","","","","","","","","","","","",""
"2021","309","21.78","73.18","","","","","","","","","","","","","","","",""
"2021","310","22.38","67.67","","","","","","","","","","","","","","","",""
"2021","311","22.69","64.3","","","","","","","","","","","","","","","",""
"2021","312","22.68","66.94","","","","","","","","","","","","","","","",""
"2021","313","22.06","68.39","","","","","","","","","","","","","","","",""
"2021","314","21.82","70.83","","","","","","","","","","","","","","","",""
"2021","315","22.35","67.83","","","","","","","","","","","","","","","",""
"2021","316","22.61","68.01","","","","","","","","","","","","","","","",""
"2021","317","22.72","67.06","","","","","","","","","","","","","","","",""
"2021","318","23.02","66.31","","","","","","","","","","","","","","","",""
"2021","319","22.21","68.66","","","","","","","","","","","","","","","",""
"2021","320","22.77","65.76","","","","","","","","","","","","","","","",""
"2021","321","22.32","68.09","","","","","","","","","","","","","","","",""
"2021","322","21.83","71","","","","","","","","","","","","","","","",""
"2021","323","21.1","73.54","","","","","","","","","","","","","","","",""
"2021","324","22.46","67.38","","","","","","","","","","","","","","","",""
"2021","325","21.91","67.65","","","","","","","","","","","","","","","",""
"2021","326","22.47","63.85","","","","","","","","","","","","","","","",""
"2021","327","22.28","67.56","","","","","","","","","","","","","","","",""
"2021","328","21.49","75.6","","","","","","","","","","","","","","","",""
"2021","329","21.63","75.91","","","","","","","","","","","","","","","",""
"2021","330","22.12","74.66","","","","","","","","","","","","","","","",""
"2021","331","22.52","71.96","","","","","","","","","","","","","","","",""
"2021","332","22.7","69.72","","","","","","","","","","","","","","","",""
"2021","333","21.65","73.14","","","","","","","","","","","","","","","",""
"2021","334","21.91","73.98","","","","","","","","","","","","","","","",""
"2021","335","22.42","73.55","","","","","","","","","","","","","","","",""
"2021","336","22.98","69.55","","","","","","","","","","","","","","","",""
"2021","337","22.63","71.27","","","","","","","","","","","","","","","",""
"2021","338","22.95","69.97","","","","","","","","","","","","","","","",""
"2021","339","22.4","72.41","","","","","","","","","","","","","","","",""
"2021","340","22.71","70.79","","","","","","","","","","","","","","","",""
"2021","341","23.68","66.26","","","","","","","","","","","","","","","",""
"2021","342","23.79","66.5","","","","","","","","","","","","","","","",""
"2021","343","23.86","68.28","","","","","","","","","","","","","","","",""
"2021","344","22.79","71.62","","","","","","","","","","","","","","","",""
"2021","345","22.11","74.02","","","","","","","","","","","","","","","",""
"2021","346","21.05","80.64","","","","","","","","","","","","","","","",""
"2021","347","20.68","82.89","","","","","","","","","","","","","","","",""
"2021","348","20.61","83.47","","","","","","","","","","","","","","","",""
"2021","349","20.49","83.86","","","","","","","","","","","","","","","",""
"2021","350","21.05","79.99","","","","","","","","","","","","","","","",""
"2021","351","21.89","75.83","","","","","","","","","","","","","","","",""
"2021","352","21.62","76.77","","","","","","","","","","","","","","","",""
"2021","353","22.11","77.07","","","","","","","","","","","","","","","",""
"2021","354","22.09","76.69","","","","","","","","","","","","","","","",""
"2021","355","20.94","81.78","","","","","","","","","","","","","","","",""
"2021","356","20.79","82.24","","","","","","","","","","","","","","","",""
"2021","357","22.38","74.98","","","","","","","","","","","","","","","",""
"2021","358","22.77","73.83","","","","","","","","","","","","","","","",""
"2021","359","22.74","74.19","","","","","","","","","","","","","","","",""
"2021","360","22.37","74.47","","","","","","","","","","","","","","","",""
"2021","361","22.79","72.62","","","","","","","","","","","","","","","",""
"2021","362","22.41","73.09","","","","","","","","","","","","","","","",""
"2021","363","22.28","73.51","","","","","","","","","","","","","","","",""
"2021","364","22.68","72.71","","","","","","","","","","","","","","","",""
"2021","365","23.32","73.11","","","","","","","","","","","","","","","",""
"2022","1","22.58","75.73","","","","","","","","","","","","","","","",""
"2022","2","23.03","73.31","","","","","","","","","","","","","","","",""
"2022","3","23.24","70.61","","","","","","","","","","","","","","","",""
"2022","4","22.91","70.7","","","","","","","","","","","","","","","",""
"2022","5","21.79","74.88","","","","","","","","","","","","","","","",""
"2022","6","22.82","71.23","","","","","","","","","","","","","","","",""
"2022","7","23.07","69.97","","","","","","","","","","","","","","","",""
"2022","8","22.24","74.47","","","","","","","","","","","","","","","",""
"2022","9","22.11","76.41","","","","","","","","","","","","","","","",""
"2022","10","23.16","70.09","","","","","","","","","","","","","","","",""
"2022","11","22.43","69.43","","","","","","","","","","","","","","","",""
"2022","12","22.33","74.08","","","","","","","","","","","","","","","",""
"2022","13","22.61","70.85","","","","","","","","","","","","","","","",""
"2022","14","22.17","74.34","","","","","","","","","","","","","","","",""
"2022","15","22.44","74.55","","","","","","","","","","","","","","","",""
"2022","16","22.9","72.87","","","","","","","","","","","","","","","",""
"2022","17","22.8","70.39","","","","","","","","","","","","","","","",""
"2022","18","23.25","71.22","","","","","","","","","","","","","","","",""
"2022","19","23.71","69.75","","","","","","","","","","","","","","","",""
"2022","20","24.62","66.34","","","","","","","","","","","","","","","",""
"2022","21","24.06","69.09","","","","","","","","","","","","","","","",""
"2022","22","23.75","71.18","","","","","","","","","","","","","","","",""
"2022","23","22.68","79.52","","","","","","","","","","","","","","","",""
"2022","24","22.81","80.31","","","","","","","","","","","","","","","",""
"2022","25","22.1","80.44","","","","","","","","","","","","","","","",""
"2022","26","20.99","86.76","","","","","","","","","","","","","","","",""
"2022","27","21.26","90.19","","","","","","","","","","","","","","","",""
"2022","28","21.22","90.08","","","","","","","","","","","","","","","",""
"2022","29","21.72","88.43","","","","","","","","","","","","","","","",""
"2022","30","21.34","87.51","","","","","","","","","","","","","","","",""
"2022","31","21.14","87","","","","","","","","","","","","","","","",""
"2022","32","21.35","86.17","","","","","","","","","","","","","","","",""
"2022","33","22.21","81.59","","","","","","","","","","","","","","","",""
"2022","34","21.96","81.87","","","","","","","","","","","","","","","",""
"2022","35","21.2","84.06","","","","","","","","","","","","","","","",""
"2022","36","21.69","85.43","","","","","","","","","","","","","","","",""
"2022","37","20.98","88.32","","","","","","","","","","","","","","","",""
"2022","38","21.24","86.54","","","","","","","","","","","","","","","",""
"2022","39","21.54","85.41","","","","","","","","","","","","","","","",""
"2022","40","21.65","83.89","","","","","","","","","","","","","","","",""
"2022","41","21.38","85.06","","","","","","","","","","","","","","","",""
"2022","42","21.39","84.74","","","","","","","","","","","","","","","",""
"2022","43","21.53","83.95","","","","","","","","","","","","","","","",""
"2022","44","21.48","82.04","","","","","","","","","","","","","","","",""
"2022","45","22.43","82.44","","","","","","","","","","","","","","","",""
"2022","46","22.4","82.72","","","","","","","","","","","","","","","",""
"2022","47","22.23","83.45","","","","","","","","","","","","","","","",""
"2022","48","21.96","82.48","","","","","","","","","","","","","","","",""
"2022","49","21.14","87.65","","","","","","","","","","","","","","","",""
"2022","50","21.29","86.33","","","","","","","","","","","","","","","",""
"2022","51","22.33","85.87","","","","","","","","","","","","","","","",""
"2022","52","21.92","85.55","","","","","","","","","","","","","","","",""
"2022","53","21.81","84.58","","","","","","","","","","","","","","","",""
"2022","54","21.76","82.34","","","","","","","","","","","","","","","",""
"2022","55","21.34","83.87","","","","","","","","","","","","","","","",""
"2022","56","21.44","80.39","","","","","","","","","","","","","","","",""
"2022","57","21.03","83.41","","","","","","","","","","","","","","","",""
"2022","58","21.06","86.72","","","","","","","","","","","","","","","",""
"2022","59","21.81","86.04","","","","","","","","","","","","","","","",""
"2022","60","21.83","84.35","","","","","","","","","","","","","","","",""
"2022","61","21.55","87.48","","","","","","","","","","","","","","","",""
"2022","62","20.85","90.98","","","","","","","","","","","","","","","",""
"2022","63","21.71","88.39","","","","","","","","","","","","","","","",""
"2022","64","21.67","87.93","","","","","","","","","","","","","","","",""
"2022","65","20.63","88.25","","","","","","","","","","","","","","","",""
"2022","66","22.18","84.44","","","","","","","","","","","","","","","",""
"2022","67","22.09","88.45","","","","","","","","","","","","","","","",""
"2022","68","22.55","84.63","","","","","","","","","","","","","","","",""
"2022","69","21.96","87.01","","","","","","","","","","","","","","","",""
"2022","70","21.48","90.86","","","","","","","","","","","","","","","",""
"2022","71","22.25","88.38","","","","","","","","","","","","","","","",""
"2022","72","22.44","87.37","","","","","","","","","","","","","","","",""
"2022","73","21.72","88.66","","","","","","","","","","","","","","","",""
"2022","74","21.44","88.85","","","","","","","","","","","","","","","",""
"2022","75","21.91","89.49","","","","","","","","","","","","","","","",""
"2022","76","21.67","89.8","","","","","","","","","","","","","","","",""
"2022","77","21.7","91.36","","","","","","","","","","","","","","","",""
"2022","78","21.97","87.75","","","","","","","","","","","","","","","",""
"2022","79","22","87.13","","","","","","","","","","","","","","","",""
"2022","80","21.97","89.5","","","","","","","","","","","","","","","",""
"2022","81","22.3","88.57","","","","","","","","","","","","","","","",""
"2022","82","22.16","88.17","","","","","","","","","","","","","","","",""
"2022","83","22.2","87.27","","","","","","","","","","","","","","","",""
"2022","84","22.61","85.58","","","","","","","","","","","","","","","",""
"2022","85","21.27","92.02","","","","","","","","","","","","","","","",""
"2022","86","21.74","88.87","","","","","","","","","","","","","","","",""
"2022","87","22.42","87.72","","","","","","","","","","","","","","","",""
"2022","88","21.62","88.21","","","","","","","","","","","","","","","",""
"2022","89","22.16","88.38","","","","","","","","","","","","","","","",""
"2022","90","21.66","89.68","","","","","","","","","","","","","","","",""
"2022","91","21.84","88.43","","","","","","","","","","","","","","","",""
"2022","92","22.07","87.69","","","","","","","","","","","","","","","",""
"2022","93","22.32","84.55","","","","","","","","","","","","","","","",""
"2022","94","22.62","82.4","","","","","","","","","","","","","","","",""
"2022","95","22.65","83.44","","","","","","","","","","","","","","","",""
"2022","96","22.95","81.57","","","","","","","","","","","","","","","",""
"2022","97","22.78","80.79","","","","","","","","","","","","","","","",""
"2022","98","22.05","84.15","","","","","","","","","","","","","","","",""
"2022","99","21.81","85.85","","","","","","","","","","","","","","","",""
"2022","100","22.18","84.61","","","","","","","","","","","","","","","",""
"2022","101","22.56","83.54","","","","","","","","","","","","","","","",""
"2022","102","22.78","82.16","","","","","","","","","","","","","","","",""
"2022","103","22.65","83.43","","","","","","","","","","","","","","","",""
"2022","104","22.22","83.11","","","","","","","","","","","","","","","",""
"2022","105","22.43","80.11","","","","","","","","","","","","","","","",""
"2022","106","23.13","80.37","","","","","","","","","","","","","","","",""
"2022","107","22.12","83.56","","","","","","","","","","","","","","","",""
"2022","108","22.04","83.69","","","","","","","","","","","","","","","",""
"2022","109","21.32","85.34","","","","","","","","","","","","","","","",""
"2022","110","20.72","90.47","","","","","","","","","","","","","","","",""
"2022","111","21.09","87.89","","","","","","","","","","","","","","","",""
"2022","112","21.38","87.31","","","","","","","","","","","","","","","",""
"2022","113","20.81","88.73","","","","","","","","","","","","","","","",""
"2022","114","21.74","85.1","","","","","","","","","","","","","","","",""
"2022","115","22.53","81.57","","","","","","","","","","","","","","","",""
"2022","116","22.16","81.07","","","","","","","","","","","","","","","",""
"2022","117","22.24","81.15","","","","","","","","","","","","","","","",""
"2022","118","21.79","83.8","","","","","","","","","","","","","","","",""
"2022","119","22.23","81.25","","","","","","","","","","","","","","","",""
"2022","120","23.17","76.04","","","","","","","","","","","","","","","",""
"2022","121","22.96","77.38","","","","","","","","","","","","","","","",""
"2022","122","23.09","78.22","","","","","","","","","","","","","","","",""
"2022","123","22.94","80.51","","","","","","","","","","","","","","","",""
"2022","124","21.67","82.48","","","","","","","","","","","","","","","",""
"2022","125","21.71","82.46","","","","","","","","","","","","","","","",""
"2022","126","22.02","82.97","","","","","","","","","","","","","","","",""
"2022","127","22.93","80.07","","","","","","","","","","","","","","","",""
"2022","128","22.78","76.45","","","","","","","","","","","","","","","",""
"2022","129","23.18","75.31","","","","","","","","","","","","","","","",""
"2022","130","22.66","77.29","","","","","","","","","","","","","","","",""
"2022","131","22.25","78.74","","","","","","","","","","","","","","","",""
"2022","132","22.42","78.89","","","","","","","","","","","","","","","",""
"2022","133","22.72","75.23","","","","","","","","","","","","","","","",""
"2022","134","22.66","77.45","","","","","","","","","","","","","","","",""
"2022","135","22.53","78.9","","","","","","","","","","","","","","","",""
"2022","136","22.5","76.82","","","","","","","","","","","","","","","",""
"2022","137","22.07","78.53","","","","","","","","","","","","","","","",""
"2022","138","21.81","83.27","","","","","","","","","","","","","","","",""
"2022","139","22.27","81.28","","","","","","","","","","","","","","","",""
"2022","140","22.43","78.97","","","","","","","","","","","","","","","",""
"2022","141","22.55","78.98","","","","","","","","","","","","","","","",""
"2022","142","22.98","79.97","","","","","","","","","","","","","","","",""
"2022","143","22.39","79.57","","","","","","","","","","","","","","","",""
"2022","144","22.21","76.18","","","","","","","","","","","","","","","",""
"2022","145","22.57","72.18","","","","","","","","","","","","","","","",""
"2022","146","22.81","71.04","","","","","","","","","","","","","","","",""
"2022","147","22.53","71.18","","","","","","","","","","","","","","","",""
"2022","148","22.46","71.22","","","","","","","","","","","","","","","",""
"2022","149","22.66","72.08","","","","","","","","","","","","","","","",""
"2022","150","22.22","71.03","","","","","","","","","","","","","","","",""
"2022","151","21.7","73.54","","","","","","","","","","","","","","","",""
"2022","152","21.65","74.9","","","","","","","","","","","","","","","",""
"2022","153","21.14","77.67","","","","","","","","","","","","","","","",""
"2022","154","21.36","75.81","","","","","","","","","","","","","","","",""
"2022","155","21.77","76.81","","","","","","","","","","","","","","","",""
"2022","156","22.31","71.91","","","","","","","","","","","","","","","",""
"2022","157","22.1","72.46","","","","","","","","","","","","","","","",""
"2022","158","22.04","78.56","","","","","","","","","","","","","","","",""
"2022","159","21.18","80.26","","","","","","","","","","","","","","","",""
"2022","160","21.75","77.61","","","","","","","","","","","","","","","",""
"2022","161","22.17","73.96","","","","","","","","","","","","","","","",""
"2022","162","22.11","73.6","","","","","","","","","","","","","","","",""
"2022","163","22.61","70.27","","","","","","","","","","","","","","","",""
"2022","164","22.2","71.4","","","","","","","","","","","","","","","",""
"2022","165","22.21","70.93","","","","","","","","","","","","","","","",""
"2022","166","21.91","68.4","","","","","","","","","","","","","","","",""
"2022","167","22.11","66.58","","","","","","","","","","","","","","","",""
"2022","168","21.64","69.83","","","","","","","","","","","","","","","",""
"2022","169","21.47","71.71","","","","","","","","","","","","","","","",""
"2022","170","21.76","72.03","","","","","","","","","","","","","","","",""
"2022","171","22.61","68.33","","","","","","","","","","","","","","","",""
"2022","172","22.35","69.97","","","","","","","","","","","","","","","",""
"2022","173","21.66","74.02","","","","","","","","","","","","","","","",""
"2022","174","22.03","70.45","","","","","","","","","","","","","","","",""
"2022","175","21.87","68.85","","","","","","","","","","","","","","","",""
"2022","176","23.16","69.06","","","","","","","","","","","","","","","",""
"2022","177","23.02","66.24","","","","","","","","","","","","","","","",""
"2022","178","22.27","64.32","","","","","","","","","","","","","","","",""
"2022","179","22.08","66.03","","","","","","","","","","","","","","","",""
"2022","180","22.68","65.04","","","","","","","","","","","","","","","",""
"2022","181","22.23","66.16","","","","","","","","","","","","","","","",""
"2022","182","22.46","65.36","","","","","","","","","","","","","","","",""
"2022","183","22.82","66.84","","","","","","","","","","","","","","","",""
"2022","184","22.76","68.34","","","","","","","","","","","","","","","",""
"2022","185","22.83","66.49","","","","","","","","","","","","","","","",""
"2022","186","22.73","65.24","","","","","","","","","","","","","","","",""
"2022","187","22.95","64.34","","","","","","","","","","","","","","","",""
"2022","188","23.14","63.44","","","","","","","","","","","","","","","",""
"2022","189","22.86","64.09","","","","","","","","","","","","","","","",""
"2022","190","22.7","65.28","","","","","","","","","","","","","","","",""
"2022","191","23.06","65.66","","","","","","","","","","","","","","","",""
"2022","192","22.48","65.75","","","","","","","","","","","","","","","",""
"2022","193","22.53","65.8","","","","","","","","","","","","","","","",""
"2022","194","22.27","67.25","","","","","","","","","","","","","","","",""
"2022","195","22.46","64.12","","","","","","","","","","","","","","","",""
"2022","196","22.64","64.67","","","","","","","","","","","","","","","",""
"2022","197","22.53","67.2","","","","","","","","","","","","","","","",""
"2022","198","22.93","65.74","","","","","","","","","","","","","","","",""
"2022","199","24.08","58.05","","","","","","","","","","","","","","","",""
"2022","200","23.47","60.45","","","","","","","","","","","","","","","",""
"2022","201","23.55","59.82","","","","","","","","","","","","","","","",""
"2022","202","23.36","57.61","","","","","","","","","","","","","","","",""
"2022","203","22.89","61.65","","","","","","","","","","","","","","","",""
"2022","204","22.12","66.12","","","","","","","","","","","","","","","",""
"2022","205","22.26","69.39","","","","","","","","","","","","","","","",""
"2022","206","22.56","67.64","","","","","","","","","","","","","","","",""
"2022","207","22.23","67.42","","","","","","","","","","","","","","","",""
"2022","208","22.3","67.33","","","","","","","","","","","","","","","",""
"2022","209","23.14","63.97","","","","","","","","","","","","","","","",""
"2022","210","23.58","65.73","","","","","","","","","","","","","","","",""
"2022","211","23.08","64.16","","","","","","","","","","","","","","","",""
"2022","212","22.85","64.29","","","","","","","","","","","","","","","",""
"2022","213","22.75","65.56","","","","","","","","","","","","","","","",""
"2022","214","22.55","65.79","","","","","","","","","","","","","","","",""
"2022","215","22.75","65.07","","","","","","","","","","","","","","","",""
"2022","216","22.71","65.03","","","","","","","","","","","","","","","",""
"2022","217","22.66","65.69","","","","","","","","","","","","","","","",""
"2022","218","22.46","65.16","","","","","","","","","","","","","","","",""
"2022","219","23.18","59.31","","","","","","","","","","","","","","","",""
"2022","220","23.22","62.02","","","","","","","","","","","","","","","",""
"2022","221","22.93","64.22","","","","","","","","","","","","","","","",""
"2022","222","23.52","61.51","","","","","","","","","","","","","","","",""
"2022","223","23.73","60.23","","","","","","","","","","","","","","","",""
"2022","224","24.24","58.29","","","","","","","","","","","","","","","",""
"2022","225","23.33","59.33","","","","","","","","","","","","","","","",""
"2022","226","22.72","59.08","","","","","","","","","","","","","","","",""
"2022","227","23.78","59.97","","","","","","","","","","","","","","","",""
"2022","228","24.24","59.06","","","","","","","","","","","","","","","",""
"2022","229","23.62","63.49","","","","","","","","","","","","","","","",""
"2022","230","22.44","67.66","","","","","","","","","","","","","","","",""
"2022","231","22.99","63.04","","","","","","","","","","","","","","","",""
"2022","232","23.12","62.9","","","","","","","","","","","","","","","",""
"2022","233","23.75","60.39","","","","","","","","","","","","","","","",""
"2022","234","23.92","59.88","","","","","","","","","","","","","","","",""
"2022","235","24.04","59.01","","","","","","","","","","","","","","","",""
"2022","236","23.57","58.91","","","","","","","","","","","","","","","",""
"2022","237","22.93","60.87","","","","","","","","","","","","","","","",""
"2022","238","23.37","57.87","","","","","","","","","","","","","","","",""
"2022","239","22.81","62.56","","","","","","","","","","","","","","","",""
"2022","240","23.42","60.5","","","","","","","","","","","","","","","",""
"2022","241","24.4","57.11","","","","","","","","","","","","","","","",""
"2022","242","23.34","62.72","","","","","","","","","","","","","","","",""
"2022","243","22.92","62.11","","","","","","","","","","","","","","","",""
"2022","244","23.26","60.1","","","","","","","","","","","","","","","",""
"2022","245","23.52","60.35","","","","","","","","","","","","","","","",""
"2022","246","24.2","60","","","","","","","","","","","","","","","",""
"2022","247","24.61","56.06","","","","","","","","","","","","","","","",""
"2022","248","24.67","56.39","","","","","","","","","","","","","","","",""
"2022","249","25.1","49.35","","","","","","","","","","","","","","","",""
"2022","250","23.85","57.27","","","","","","","","","","","","","","","",""
"2022","251","23","60.2","","","","","","","","","","","","","","","",""
"2022","252","23.33","55.25","","","","","","","","","","","","","","","",""
"2022","253","24.39","56.48","","","","","","","","","","","","","","","",""
"2022","254","24.24","57.57","","","","","","","","","","","","","","","",""
"2022","255","23.84","60.14","","","","","","","","","","","","","","","",""
"2022","256","23.5","60.87","","","","","","","","","","","","","","","",""
"2022","257","23.43","60.79","","","","","","","","","","","","","","","",""
"2022","258","24.23","59.03","","","","","","","","","","","","","","","",""
"2022","259","22.85","63.52","","","","","","","","","","","","","","","",""
"2022","260","23.08","60.62","","","","","","","","","","","","","","","",""
"2022","261","23.62","58.26","","","","","","","","","","","","","","","",""
"2022","262","23.08","59.31","","","","","","","","","","","","","","","",""
"2022","263","22.73","60.99","","","","","","","","","","","","","","","",""
"2022","264","23.4","58.1","","","","","","","","","","","","","","","",""
"2022","265","24.03","58.36","","","","","","","","","","","","","","","",""
"2022","266","23.94","60.13","","","","","","","","","","","","","","","",""
"2022","267","23.34","62.01","","","","","","","","","","","","","","","",""
"2022","268","24.16","58.04","","","","","","","","","","","","","","","",""
"2022","269","24.17","57.86","","","","","","","","","","","","","","","",""
"2022","270","24.08","56.17","","","","","","","","","","","","","","","",""
"2022","271","23.98","56.83","","","","","","","","","","","","","","","",""
"2022","272","23.11","59.47","","","","","","","","","","","","","","","",""
"2022","273","23.68","58.64","","","","","","","","","","","","","","","",""
"2022","274","24.38","53.83","","","","","","","","","","","","","","","",""
"2022","275","25.31","50.96","","","","","","","","","","","","","","","",""
"2022","276","24.7","56.85","","","","","","","","","","","","","","","",""
"2022","277","23.4","59.75","","","","","","","","","","","","","","","",""
"2022","278","24.11","57.19","","","","","","","","","","","","","","","",""
"2022","279","23.48","62.18","","","","","","","","","","","","","","","",""
"2022","280","22.54","65.75","","","","","","","","","","","","","","","",""
"2022","281","22.78","65.17","","","","","","","","","","","","","","","",""
"2022","282","23.64","58.5","","","","","","","","","","","","","","","",""
"2022","283","23.93","56.39","","","","","","","","","","","","","","","",""
"2022","284","24.28","55.72","","","","","","","","","","","","","","","",""
"2022","285","23.3","61.23","","","","","","","","","","","","","","","",""
"2022","286","22.95","61.29","","","","","","","","","","","","","","","",""
"2022","287","23.38","59.71","","","","","","","","","","","","","","","",""
"2022","288","23.01","63.52","","","","","","","","","","","","","","","",""
"2022","289","22.76","62.11","","","","","","","","","","","","","","","",""
"2022","290","23.45","60.47","","","","","","","","","","","","","","","",""
"2022","291","23.13","63.48","","","","","","","","","","","","","","","",""
"2022","292","22.57","67.09","","","","","","","","","","","","","","","",""
"2022","293","22.4","67.94","","","","","","","","","","","","","","","",""
"2022","294","22.7","66.72","","","","","","","","","","","","","","","",""
"2022","295","21.94","68.35","","","","","","","","","","","","","","","",""
"2022","296","23.61","63.75","","","","","","","","","","","","","","","",""
"2022","297","22.94","63.16","","","","","","","","","","","","","","","",""
"2022","298","22.23","66.54","","","","","","","","","","","","","","","",""
"2022","299","22.36","67.9","","","","","","","","","","","","","","","",""
"2022","300","21.72","68.88","","","","","","","","","","","","","","","",""
"2022","301","22.72","67.31","","","","","","","","","","","","","","","",""
"2022","302","23.41","62.34","","","","","","","","","","","","","","","",""
"2022","303","22.98","60.86","","","","","","","","","","","","","","","",""
"2022","304","23.05","60.72","","","","","","","","","","","","","","","",""
"2022","305","23.75","58.74","","","","","","","","","","","","","","","",""
"2022","306","23.88","57.7","","","","","","","","","","","","","","","",""
"2022","307","23.58","58.58","","","","","","","","","","","","","","","",""
"2022","308","23.14","59.98","","","","","","","","","","","","","","","",""
"2022","309","23.2","61.05","","","","","","","","","","","","","","","",""
"2022","310","23.21","62.65","","","","","","","","","","","","","","","",""
"2022","311","23.75","59.64","","","","","","","","","","","","","","","",""
"2022","312","23.38","61.42","","","","","","","","","","","","","","","",""
"2022","313","22.01","65.92","","","","","","","","","","","","","","","",""
"2022","314","22.26","64.86","","","","","","","","","","","","","","","",""
"2022","315","22.01","66.17","","","","","","","","","","","","","","","",""
"2022","316","22.23","66.12","","","","","","","","","","","","","","","",""
"2022","317","22.59","66","","","","","","","","","","","","","","","",""
"2022","318","22.57","63.93","","","","","","","","","","","","","","","",""
"2022","319","22.5","62.93","","","","","","","","","","","","","","","",""
"2022","320","23.26","61.69","","","","","","","","","","","","","","","",""
"2022","321","23.55","61.19","","","","","","","","","","","","","","","",""
"2022","322","24.03","61.09","","","","","","","","","","","","","","","",""
"2022","323","23.8","61.65","","","","","","","","","","","","","","","",""
"2022","324","22.83","64.19","","","","","","","","","","","","","","","",""
"2022","325","23.25","63.82","","","","","","","","","","","","","","","",""
"2022","326","22.76","65.49","","","","","","","","","","","","","","","",""
"2022","327","23.33","59.14","","","","","","","","","","","","","","","",""
"2022","328","23.38","60.93","","","","","","","","","","","","","","","",""
"2022","329","23.76","60.53","","","","","","","","","","","","","","","",""
"2022","330","23.23","62.9","","","","","","","","","","","","","","","",""
"2022","331","23.03","63.11","","","","","","","","","","","","","","","",""
"2022","332","23.25","63.45","","","","","","","","","","","","","","","",""
"2022","333","22.33","66.06","","","","","","","","","","","","","","","",""
"2022","334","22.27","66.63","","","","","","","","","","","","","","","",""
"2022","335","22.24","66.24","","","","","","","","","","","","","","","",""
"2022","336","21.9","67.44","","","","","","","","","","","","","","","",""
"2022","337","22.73","67.02","","","","","","","","","","","","","","","",""
"2022","338","22.65","65.66","","","","","","","","","","","","","","","",""
"2022","339","22.83","62.36","","","","","","","","","","","","","","","",""
"2022","340","22.99","62.2","","","","","","","","","","","","","","","",""
"2022","341","21.79","69.04","","","","","","","","","","","","","","","",""
"2022","342","21.71","68.96","","","","","","","","","","","","","","","",""
"2022","343","22.44","66.46","","","","","","","","","","","","","","","",""
"2022","344","22.36","65.22","","","","","","","","","","","","","","","",""
"2022","345","21.79","68.59","","","","","","","","","","","","","","","",""
"2022","346","22.84","63.22","","","","","","","","","","","","","","","",""
"2022","347","23.09","64.41","","","","","","","","","","","","","","","",""
"2022","348","23.54","63.15","","","","","","","","","","","","","","","",""
"2022","349","23.64","63.1","","","","","","","","","","","","","","","",""
"2022","350","23.31","65.01","","","","","","","","","","","","","","","",""
"2022","351","23.19","67.62","","","","","","","","","","","","","","","",""
"2022","352","23.19","66.84","","","","","","","","","","","","","","","",""
"2022","353","23.67","67.25","","","","","","","","","","","","","","","",""
"2022","354","23.93","65.41","","","","","","","","","","","","","","","",""
"2022","355","23.15","68.2","","","","","","","","","","","","","","","",""
"2022","356","23.76","66.75","","","","","","","","","","","","","","","",""
"2022","357","24.42","65.04","","","","","","","","","","","","","","","",""
"2022","358","24.12","66.26","","","","","","","","","","","","","","","",""
"2022","359","23.06","69.35","","","","","","","","","","","","","","","",""
"2022","360","22.75","70.67","","","","","","","","","","","","","","","",""
"2022","361","23.53","67.68","","","","","","","","","","","","","","","",""
"2022","362","24.08","65.45","","","","","","","","","","","","","","","",""
"2022","363","24.03","64.45","","","","","","","","","","","","","","","",""
"2022","364","23.23","69.82","","","","","","","","","","","","","","","",""
"2022","365","22.19","75.27","","","","","","","","","","","","","","","",""
"2023","1","21.69","71.95","","","","","","","","","","","","","","","",""
"2023","2","22.44","68.49","","","","","","","","","","","","","","","",""
"2023","3","22.13","73.57","","","","","","","","","","","","","","","",""
"2023","4","22.76","69.85","","","","","","","","","","","","","","","",""
"2023","5","21.66","73.87","","","","","","","","","","","","","","","",""
"2023","6","23.28","68.57","","","","","","","","","","","","","","","",""
"2023","7","22.58","71.14","","","","","","","","","","","","","","","",""
"2023","8","23.38","66.77","","","","","","","","","","","","","","","",""
"2023","9","22.93","68.29","","","","","","","","","","","","","","","",""
"2023","10","21.67","77.19","","","","","","","","","","","","","","","",""
"2023","11","22","78.37","","","","","","","","","","","","","","","",""
"2023","12","21.9","76.61","","","","","","","","","","","","","","","",""
"2023","13","21.5","75.62","","","","","","","","","","","","","","","",""
"2023","14","21.78","79.28","","","","","","","","","","","","","","","",""
"2023","15","21.57","80.84","","","","","","","","","","","","","","","",""
"2023","16","22.05","77.27","","","","","","","","","","","","","","","",""
"2023","17","22.37","74.22","","","","","","","","","","","","","","","",""
"2023","18","23.14","69.67","","","","","","","","","","","","","","","",""
"2023","19","21.13","82.21","","","","","","","","","","","","","","","",""
"2023","20","22.17","76.05","","","","","","","","","","","","","","","",""
"2023","21","22.18","78.04","","","","","","","","","","","","","","","",""
"2023","22","22.64","73.9","","","","","","","","","","","","","","","",""
"2023","23","23.86","68.67","","","","","","","","","","","","","","","",""
"2023","24","23.67","69.64","","","","","","","","","","","","","","","",""
"2023","25","23.4","70.34","","","","","","","","","","","","","","","",""
"2023","26","23.38","72.77","","","","","","","","","","","","","","","",""
"2023","27","23.49","75.92","","","","","","","","","","","","","","","",""
"2023","28","24.08","72.61","","","","","","","","","","","","","","","",""
"2023","29","23.87","71.32","","","","","","","","","","","","","","","",""
"2023","30","23.38","75.07","","","","","","","","","","","","","","","",""
"2023","31","22.91","77","","","","","","","","","","","","","","","",""
"2023","32","22.73","78.07","","","","","","","","","","","","","","","",""
"2023","33","23.32","76.45","","","","","","","","","","","","","","","",""
"2023","34","23.64","75.16","","","","","","","","","","","","","","","",""
"2023","35","23.85","74.04","","","","","","","","","","","","","","","",""
"2023","36","23.39","75.8","","","","","","","","","","","","","","","",""
"2023","37","23.55","74.5","","","","","","","","","","","","","","","",""
"2023","38","23.93","75.09","","","","","","","","","","","","","","","",""
"2023","39","23.61","75.66","","","","","","","","","","","","","","","",""
"2023","40","23.71","77.82","","","","","","","","","","","","","","","",""
"2023","41","23.66","79.8","","","","","","","","","","","","","","","",""
"2023","42","23.64","79.44","","","","","","","","","","","","","","","",""
"2023","43","22.37","84.19","","","","","","","","","","","","","","","",""
"2023","44","23.01","82.63","","","","","","","","","","","","","","","",""
"2023","45","22.13","87.21","","","","","","","","","","","","","","","",""
"2023","46","22.88","82.67","","","","","","","","","","","","","","","",""
"2023","47","22.1","86.36","","","","","","","","","","","","","","","",""
"2023","48","21.91","86.83","","","","","","","","","","","","","","","",""
"2023","49","22.64","82.57","","","","","","","","","","","","","","","",""
"2023","50","22.89","80.72","","","","","","","","","","","","","","","",""
"2023","51","22.21","89.23","","","","","","","","","","","","","","","",""
"2023","52","21.31","89.56","","","","","","","","","","","","","","","",""
"2023","53","21.71","89.09","","","","","","","","","","","","","","","",""
"2023","54","21.99","83.91","","","","","","","","","","","","","","","",""
"2023","55","22.78","83.52","","","","","","","","","","","","","","","",""
"2023","56","22.99","85.12","","","","","","","","","","","","","","","",""
"2023","57","22.62","84.95","","","","","","","","","","","","","","","",""
"2023","58","23.33","83.67","","","","","","","","","","","","","","","",""
"2023","59","23.19","82.81","","","","","","","","","","","","","","","",""
"2023","60","23.37","81.25","","","","","","","","","","","","","","","",""
"2023","61","23.41","85.23","","","","","","","","","","","","","","","",""
"2023","62","23.36","82.54","","","","","","","","","","","","","","","",""
"2023","63","23.13","82.14","","","","","","","","","","","","","","","",""
"2023","64","23.03","86.84","","","","","","","","","","","","","","","",""
"2023","65","22.21","90.48","","","","","","","","","","","","","","","",""
"2023","66","21.93","91.86","","","","","","","","","","","","","","","",""
"2023","67","21.32","92.26","","","","","","","","","","","","","","","",""
"2023","68","21.87","88.54","","","","","","","","","","","","","","","",""
"2023","69","21.15","90.22","","","","","","","","","","","","","","","",""
"2023","70","21.45","86.95","","","","","","","","","","","","","","","",""
"2023","71","21.55","87.55","","","","","","","","","","","","","","","",""
"2023","72","21.77","88","","","","","","","","","","","","","","","",""
"2023","73","21.85","88.14","","","","","","","","","","","","","","","",""
"2023","74","22.42","88.57","","","","","","","","","","","","","","","",""
"2023","75","22.19","89.04","","","","","","","","","","","","","","","",""
"2023","76","22.08","89.59","","","","","","","","","","","","","","","",""
"2023","77","22.33","89.15","","","","","","","","","","","","","","","",""
"2023","78","22.25","91.08","","","","","","","","","","","","","","","",""
"2023","79","22.11","91.75","","","","","","","","","","","","","","","",""
"2023","80","22.53","90.64","","","","","","","","","","","","","","","",""
"2023","81","22.38","89.26","","","","","","","","","","","","","","","",""
"2023","82","21.73","94.31","","","","","","","","","","","","","","","",""
"2023","83","21.5","89.3","","","","","","","","","","","","","","","",""
"2023","84","22","87.41","","","","","","","","","","","","","","","",""
"2023","85","22.58","85.99","","","","","","","","","","","","","","","",""
"2023","86","22.83","86.81","","","","","","","","","","","","","","","",""
"2023","87","22.15","87.38","","","","","","","","","","","","","","","",""
"2023","88","22.44","85.35","","","","","","","","","","","","","","","",""
"2023","89","22.7","87.4","","","","","","","","","","","","","","","",""
"2023","90","22.63","88.19","","","","","","","","","","","","","","","",""
"2023","91","23.14","85.43","","","","","","","","","","","","","","","",""
"2023","92","22.98","85.79","","","","","","","","","","","","","","","",""
"2023","93","23.29","84.86","","","","","","","","","","","","","","","",""
"2023","94","23.07","86.92","","","","","","","","","","","","","","","",""
"2023","95","22.42","88.83","","","","","","","","","","","","","","","",""
"2023","96","21.79","92.27","","","","","","","","","","","","","","","",""
"2023","97","22.24","85.4","","","","","","","","","","","","","","","",""
"2023","98","22.51","81.76","","","","","","","","","","","","","","","",""
"2023","99","23.39","86.46","","","","","","","","","","","","","","","",""
"2023","100","22.72","86.67","","","","","","","","","","","","","","","",""
"2023","101","23.02","83.74","","","","","","","","","","","","","","","",""
"2023","102","22.86","86.98","","","","","","","","","","","","","","","",""
"2023","103","22.79","89.5","","","","","","","","","","","","","","","",""
"2023","104","22.48","88.66","","","","","","","","","","","","","","","",""
"2023","105","22.81","88.8","","","","","","","","","","","","","","","",""
"2023","106","22","91.51","","","","","","","","","","","","","","","",""
"2023","107","22.15","89.34","","","","","","","","","","","","","","","",""
"2023","108","22.74","87.28","","","","","","","","","","","","","","","",""
"2023","109","22.72","92.94","","","","","","","","","","","","","","","",""
"2023","110","21.92","88.45","","","","","","","","","","","","","","","",""
"2023","111","21.66","86.83","","","","","","","","","","","","","","","",""
"2023","112","21.86","86.71","","","","","","","","","","","","","","","",""
"2023","113","21.97","88.58","","","","","","","","","","","","","","","",""
"2023","114","23.11","79.47","","","","","","","","","","","","","","","",""
"2023","115","22.35","89.99","","","","","","","","","","","","","","","",""
"2023","116","22.67","87.69","","","","","","","","","","","","","","","",""
"2023","117","22.55","89.67","","","","","","","","","","","","","","","",""
"2023","118","22.8","86.64","","","","","","","","","","","","","","","",""
"2023","119","22.48","92.62","","","","","","","","","","","","","","","",""
"2023","120","22.65","87.96","","","","","","","","","","","","","","","",""
"2023","121","23.15","84.1","","","","","","","","","","","","","","","",""
"2023","122","23.43","83.81","","","","","","","","","","","","","","","",""
"2023","123","23.71","84.93","","","","","","","","","","","","","","","",""
"2023","124","23.98","82.99","","","","","","","","","","","","","","","",""
"2023","125","24.21","84.57","","","","","","","","","","","","","","","",""
"2023","126","23.64","86.28","","","","","","","","","","","","","","","",""
"2023","127","24.01","82.51","","","","","","","","","","","","","","","",""
"2023","128","24.49","80.65","","","","","","","","","","","","","","","",""
"2023","129","24.16","82.51","","","","","","","","","","","","","","","",""
"2023","130","24.05","81.13","","","","","","","","","","","","","","","",""
"2023","131","24.06","82.99","","","","","","","","","","","","","","","",""
"2023","132","23.82","84.13","","","","","","","","","","","","","","","",""
"2023","133","23.79","85.12","","","","","","","","","","","","","","","",""
"2023","134","23.51","84.09","","","","","","","","","","","","","","","",""
"2023","135","23.54","83.84","","","","","","","","","","","","","","","",""
"2023","136","23.48","84.64","","","","","","","","","","","","","","","",""
"2023","137","23.67","84.27","","","","","","","","","","","","","","","",""
"2023","138","23.56","83.72","","","","","","","","","","","","","","","",""
"2023","139","22.89","85.09","","","","","","","","","","","","","","","",""
"2023","140","23.11","85.9","","","","","","","","","","","","","","","",""
"2023","141","22.66","87.71","","","","","","","","","","","","","","","",""
"2023","142","22.51","87.17","","","","","","","","","","","","","","","",""
"2023","143","22.2","88.56","","","","","","","","","","","","","","","",""
"2023","144","22.76","86.81","","","","","","","","","","","","","","","",""
"2023","145","21.92","92.63","","","","","","","","","","","","","","","",""
"2023","146","22.97","86.26","","","","","","","","","","","","","","","",""
"2023","147","22.49","88.22","","","","","","","","","","","","","","","",""
"2023","148","22.54","86.62","","","","","","","","","","","","","","","",""
"2023","149","22.87","83.49","","","","","","","","","","","","","","","",""
"2023","150","23.13","81.82","","","","","","","","","","","","","","","",""
"2023","151","22.52","82.92","","","","","","","","","","","","","","","",""
"2023","152","23.03","82.7","","","","","","","","","","","","","","","",""
"2023","153","23.46","81.53","","","","","","","","","","","","","","","",""
"2023","154","23.67","82.72","","","","","","","","","","","","","","","",""
"2023","155","22.89","83.18","","","","","","","","","","","","","","","",""
"2023","156","23.3","78.77","","","","","","","","","","","","","","","",""
"2023","157","22.8","83.54","","","","","","","","","","","","","","","",""
"2023","158","22.51","84.02","","","","","","","","","","","","","","","",""
"2023","159","22.57","82.94","","","","","","","","","","","","","","","",""
"2023","160","22.41","84.38","","","","","","","","","","","","","","","",""
"2023","161","22.81","82.96","","","","","","","","","","","","","","","",""
"2023","162","23.04","84.12","","","","","","","","","","","","","","","",""
"2023","163","23.6","79.27","","","","","","","","","","","","","","","",""
"2023","164","23.39","78.08","","","","","","","","","","","","","","","",""
"2023","165","23.21","80.83","","","","","","","","","","","","","","","",""
"2023","166","23.62","78.27","","","","","","","","","","","","","","","",""
"2023","167","23.32","78.19","","","","","","","","","","","","","","","",""
"2023","168","23.48","75.74","","","","","","","","","","","","","","","",""
"2023","169","23.43","75.62","","","","","","","","","","","","","","","",""
"2023","170","23.38","73.34","","","","","","","","","","","","","","","",""
"2023","171","23.21","76.85","","","","","","","","","","","","","","","",""
"2023","172","23.41","76.56","","","","","","","","","","","","","","","",""
"2023","173","23.02","78","","","","","","","","","","","","","","","",""
"2023","174","22.94","79.29","","","","","","","","","","","","","","","",""
"2023","175","22.99","79.03","","","","","","","","","","","","","","","",""
"2023","176","22.93","80.07","","","","","","","","","","","","","","","",""
"2023","177","23.23","77.74","","","","","","","","","","","","","","","",""
"2023","178","23.31","79.5","","","","","","","","","","","","","","","",""
"2023","179","23.35","78.94","","","","","","","","","","","","","","","",""
"2023","180","23.87","75.2","","","","","","","","","","","","","","","",""
"2023","181","24.04","74.72","","","","","","","","","","","","","","","",""
"2023","182","23.99","72.17","","","","","","","","","","","","","","","",""
"2023","183","23.26","74.43","","","","","","","","","","","","","","","",""
"2023","184","22.91","80.1","","","","","","","","","","","","","","","",""
"2023","185","23.61","80.48","","","","","","","","","","","","","","","",""
"2023","186","23.36","80.29","","","","","","","","","","","","","","","",""
"2023","187","23.06","80.98","","","","","","","","","","","","","","","",""
"2023","188","22.46","83.52","","","","","","","","","","","","","","","",""
"2023","189","22.73","84.12","","","","","","","","","","","","","","","",""
"2023","190","23.23","80.14","","","","","","","","","","","","","","","",""
"2023","191","23.32","78.75","","","","","","","","","","","","","","","",""
"2023","192","23.6","76.83","","","","","","","","","","","","","","","",""
"2023","193","23.84","75.53","","","","","","","","","","","","","","","",""
"2023","194","23.78","74.43","","","","","","","","","","","","","","","",""
"2023","195","23.58","76.51","","","","","","","","","","","","","","","",""
"2023","196","23.82","74.66","","","","","","","","","","","","","","","",""
"2023","197","23.83","74.21","","","","","","","","","","","","","","","",""
"2023","198","24.08","73.61","","","","","","","","","","","","","","","",""
"2023","199","24.71","67.47","","","","","","","","","","","","","","","",""
"2023","200","24.54","64.88","","","","","","","","","","","","","","","",""
"2023","201","24.83","69.53","","","","","","","","","","","","","","","",""
"2023","202","24.83","68.46","","","","","","","","","","","","","","","",""
"2023","203","24.74","68.34","","","","","","","","","","","","","","","",""
"2023","204","24.4","69.57","","","","","","","","","","","","","","","",""
"2023","205","24.37","67.99","","","","","","","","","","","","","","","",""
"2023","206","23.7","72.44","","","","","","","","","","","","","","","",""
"2023","207","23.97","71.02","","","","","","","","","","","","","","","",""
"2023","208","23.48","72.66","","","","","","","","","","","","","","","",""
"2023","209","24.35","69.39","","","","","","","","","","","","","","","",""
"2023","210","24.57","68.03","","","","","","","","","","","","","","","",""
"2023","211","24.83","65.35","","","","","","","","","","","","","","","",""
"2023","212","24.46","64.25","","","","","","","","","","","","","","","",""
"2023","213","24.75","64.49","","","","","","","","","","","","","","","",""
"2023","214","24.78","64.07","","","","","","","","","","","","","","","",""
"2023","215","24.5","62.46","","","","","","","","","","","","","","","",""
"2023","216","24.48","66.04","","","","","","","","","","","","","","","",""
"2023","217","24.4","69.33","","","","","","","","","","","","","","","",""
"2023","218","24.95","64.76","","","","","","","","","","","","","","","",""
"2023","219","25.03","65.02","","","","","","","","","","","","","","","",""
"2023","220","24.94","65.94","","","","","","","","","","","","","","","",""
"2023","221","24.95","65.72","","","","","","","","","","","","","","","",""
"2023","222","24.55","66.05","","","","","","","","","","","","","","","",""
"2023","223","24.06","65.04","","","","","","","","","","","","","","","",""
"2023","224","24.09","66.69","","","","","","","","","","","","","","","",""
"2023","225","23.85","69.19","","","","","","","","","","","","","","","",""
"2023","226","24.06","69.56","","","","","","","","","","","","","","","",""
"2023","227","23.48","71.7","","","","","","","","","","","","","","","",""
"2023","228","24.05","69.1","","","","","","","","","","","","","","","",""
"2023","229","24.41","66.48","","","","","","","","","","","","","","","",""
"2023","230","24.29","65","","","","","","","","","","","","","","","",""
"2023","231","24.13","67.33","","","","","","","","","","","","","","","",""
"2023","232","23.25","72.97","","","","","","","","","","","","","","","",""
"2023","233","23.23","73.18","","","","","","","","","","","","","","","",""
"2023","234","22.62","75.47","","","","","","","","","","","","","","","",""
"2023","235","23.9","70.56","","","","","","","","","","","","","","","",""
"2023","236","24.64","64.5","","","","","","","","","","","","","","","",""
"2023","237","25.17","65.79","","","","","","","","","","","","","","","",""
"2023","238","25.23","62.78","","","","","","","","","","","","","","","",""
"2023","239","24.57","60.93","","","","","","","","","","","","","","","",""
"2023","240","24.72","64.03","","","","","","","","","","","","","","","",""
"2023","241","25.38","58.76","","","","","","","","","","","","","","","",""
"2023","242","26.3","56.04","","","","","","","","","","","","","","","",""
"2023","243","25.28","61.13","","","","","","","","","","","","","","","",""
"2023","244","25.33","62.63","","","","","","","","","","","","","","","",""
"2023","245","25.02","62.63","","","","","","","","","","","","","","","",""
"2023","246","24.49","66.19","","","","","","","","","","","","","","","",""
"2023","247","24.74","65.41","","","","","","","","","","","","","","","",""
"2023","248","25.54","59.54","","","","","","","","","","","","","","","",""
"2023","249","25.2","60.4","","","","","","","","","","","","","","","",""
"2023","250","25.51","54.96","","","","","","","","","","","","","","","",""
"2023","251","24.81","58.07","","","","","","","","","","","","","","","",""
"2023","252","24.46","60.56","","","","","","","","","","","","","","","",""
"2023","253","24.39","61.58","","","","","","","","","","","","","","","",""
"2023","254","25.38","59.28","","","","","","","","","","","","","","","",""
"2023","255","25.33","59.27","","","","","","","","","","","","","","","",""
"2023","256","25.25","61.21","","","","","","","","","","","","","","","",""
"2023","257","25.15","62.53","","","","","","","","","","","","","","","",""
"2023","258","25.63","61.27","","","","","","","","","","","","","","","",""
"2023","259","25.33","59.9","","","","","","","","","","","","","","","",""
"2023","260","25.88","56.54","","","","","","","","","","","","","","","",""
"2023","261","24.98","62.01","","","","","","","","","","","","","","","",""
"2023","262","25.72","60.19","","","","","","","","","","","","","","","",""
"2023","263","25.32","60.12","","","","","","","","","","","","","","","",""
"2023","264","26.06","56.17","","","","","","","","","","","","","","","",""
"2023","265","25.87","58.82","","","","","","","","","","","","","","","",""
"2023","266","25.65","59.07","","","","","","","","","","","","","","","",""
"2023","267","25.43","59.58","","","","","","","","","","","","","","","",""
"2023","268","25.79","60.17","","","","","","","","","","","","","","","",""
"2023","269","25.52","61.96","","","","","","","","","","","","","","","",""
"2023","270","24.82","64.08","","","","","","","","","","","","","","","",""
"2023","271","25.04","62.25","","","","","","","","","","","","","","","",""
"2023","272","25.47","62.58","","","","","","","","","","","","","","","",""
"2023","273","26.02","59.74","","","","","","","","","","","","","","","",""
"2023","274","25.28","61.53","","","","","","","","","","","","","","","",""
"2023","275","25.58","60.08","","","","","","","","","","","","","","","",""
"2023","276","24.77","64.21","","","","","","","","","","","","","","","",""
"2023","277","24.42","64.88","","","","","","","","","","","","","","","",""
"2023","278","24.3","65.83","","","","","","","","","","","","","","","",""
"2023","279","25.02","62.18","","","","","","","","","","","","","","","",""
"2023","280","25.79","60.59","","","","","","","","","","","","","","","",""
"2023","281","24.96","63.55","","","","","","","","","","","","","","","",""
"2023","282","25.48","65.37","","","","","","","","","","","","","","","",""
"2023","283","24.52","69.27","","","","","","","","","","","","","","","",""
"2023","284","25.76","61.13","","","","","","","","","","","","","","","",""
"2023","285","25.44","63.89","","","","","","","","","","","","","","","",""
"2023","286","25.41","62.91","","","","","","","","","","","","","","","",""
"2023","287","25.33","65.89","","","","","","","","","","","","","","","",""
"2023","288","25.16","66.44","","","","","","","","","","","","","","","",""
"2023","289","24.98","67.57","","","","","","","","","","","","","","","",""
"2023","290","25.29","66.64","","","","","","","","","","","","","","","",""
"2023","291","25.67","64.04","","","","","","","","","","","","","","","",""
"2023","292","25.55","62.6","","","","","","","","","","","","","","","",""
"2023","293","24.61","64.63","","","","","","","","","","","","","","","",""
"2023","294","25.05","63.48","","","","","","","","","","","","","","","",""
"2023","295","25.01","66.3","","","","","","","","","","","","","","","",""
"2023","296","25.09","64.42","","","","","","","","","","","","","","","",""
"2023","297","25.19","64.03","","","","","","","","","","","","","","","",""
"2023","298","24.48","69.28","","","","","","","","","","","","","","","",""
"2023","299","23.18","72.9","","","","","","","","","","","","","","","",""
"2023","300","23.11","72.97","","","","","","","","","","","","","","","",""
"2023","301","22.05","75.98","","","","","","","","","","","","","","","",""
"2023","302","22.27","79.58","","","","","","","","","","","","","","","",""
"2023","303","23.28","74.63","","","","","","","","","","","","","","","",""
"2023","304","22.88","77.73","","","","","","","","","","","","","","","",""
"2023","305","22.72","77.41","","","","","","","","","","","","","","","",""
"2023","306","22.88","74.18","","","","","","","","","","","","","","","",""
"2023","307","23.5","70.24","","","","","","","","","","","","","","","",""
"2023","308","23.66","68.99","","","","","","","","","","","","","","","",""
"2023","309","23.83","66.35","","","","","","","","","","","","","","","",""
"2023","310","24.25","65.41","","","","","","","","","","","","","","","",""
"2023","311","25.28","63.65","","","","","","","","","","","","","","","",""
"2023","312","25.23","63.56","","","","","","","","","","","","","","","",""
"2023","313","25.17","63.9","","","","","","","","","","","","","","","",""
"2023","314","24.98","62.49","","","","","","","","","","","","","","","",""
"2023","315","25.18","62.63","","","","","","","","","","","","","","","",""
"2023","316","25.21","63.16","","","","","","","","","","","","","","","",""
"2023","317","25.32","64.52","","","","","","","","","","","","","","","",""
"2023","318","24.86","65.76","","","","","","","","","","","","","","","",""
"2023","319","23.88","70.15","","","","","","","","","","","","","","","",""
"2023","320","24.55","68.28","","","","","","","","","","","","","","","",""
"2023","321","24.58","67.09","","","","","","","","","","","","","","","",""
"2023","322","24.23","67.54","","","","","","","","","","","","","","","",""
"2023","323","23.73","69.42","","","","","","","","","","","","","","","",""
"2023","324","23.72","69.63","","","","","","","","","","","","","","","",""
"2023","325","23.73","68.78","","","","","","","","","","","","","","","",""
"2023","326","24.42","67.07","","","","","","","","","","","","","","","",""
"2023","327","23.62","71.95","","","","","","","","","","","","","","","",""
"2023","328","23.48","70.23","","","","","","","","","","","","","","","",""
"2023","329","24.86","65.24","","","","","","","","","","","","","","","",""
"2023","330","24.36","68.28","","","","","","","","","","","","","","","",""
"2023","331","24.57","67.37","","","","","","","","","","","","","","","",""
"2023","332","24.27","66.17","","","","","","","","","","","","","","","",""
"2023","333","24.92","62.96","","","","","","","","","","","","","","","",""
"2023","334","24.86","64.26","","","","","","","","","","","","","","","",""
"2023","335","24.68","66.5","","","","","","","","","","","","","","","",""
"2023","336","24.74","66.14","","","","","","","","","","","","","","","",""
"2023","337","25.54","60.56","","","","","","","","","","","","","","","",""
"2023","338","25.41","63.45","","","","","","","","","","","","","","","",""
"2023","339","24.11","68.42","","","","","","","","","","","","","","","",""
"2023","340","24.06","70.06","","","","","","","","","","","","","","","",""
"2023","341","23.39","77.15","","","","","","","","","","","","","","","",""
"2023","342","24.84","71.69","","","","","","","","","","","","","","","",""
"2023","343","25.23","68.3","","","","","","","","","","","","","","","",""
"2023","344","25.02","68.73","","","","","","","","","","","","","","","",""
"2023","345","24.93","70.29","","","","","","","","","","","","","","","",""
"2023","346","25.33","71.05","","","","","","","","","","","","","","","",""
"2023","347","25.03","71.24","","","","","","","","","","","","","","","",""
"2023","348","24.8","70.15","","","","","","","","","","","","","","","",""
"2023","349","24.01","73.65","","","","","","","","","","","","","","","",""
"2023","350","23.16","77.12","","","","","","","","","","","","","","","",""
"2023","351","24.26","76","","","","","","","","","","","","","","","",""
"2023","352","24.04","76.43","","","","","","","","","","","","","","","",""
"2023","353","23.05","81.47","","","","","","","","","","","","","","","",""
"2023","354","24.18","75.34","","","","","","","","","","","","","","","",""
"2023","355","25.45","67.69","","","","","","","","","","","","","","","",""
"2023","356","25.19","68.29","","","","","","","","","","","","","","","",""
"2023","357","24.1","71.7","","","","","","","","","","","","","","","",""
"2023","358","25.12","67.49","","","","","","","","","","","","","","","",""
"2023","359","23.09","75.55","","","","","","","","","","","","","","","",""
"2023","360","23.21","76.54","","","","","","","","","","","","","","","",""
"2023","361","22.55","78.69","","","","","","","","","","","","","","","",""
"2023","362","21.59","79.98","","","","","","","","","","","","","","","",""
"2023","363","22.53","76.73","","","","","","","","","","","","","","","",""
"2023","364","23.17","79.85","","","","","","","","","","","","","","","",""
"2023","365","22.65","84.31","","","","","","","","","","","","","","","",""
"2024","1","23.32","81.14","","","","","","","","","","","","","","","",""
"2024","2","23.2","78.98","","","","","","","","","","","","","","","",""
"2024","3","23.07","78.19","","","","","","","","","","","","","","","",""
"2024","4","23.01","78.39","","","","","","","","","","","","","","","",""
"2024","5","23.99","74.84","","","","","","","","","","","","","","","",""
"2024","6","24.36","72.78","","","","","","","","","","","","","","","",""
"2024","7","24.52","71.78","","","","","","","","","","","","","","","",""
"2024","8","24.66","73.67","","","","","","","","","","","","","","","",""
"2024","9","24.46","74.87","","","","","","","","","","","","","","","",""
"2024","10","23.74","77.88","","","","","","","","","","","","","","","",""
"2024","11","23.03","82.28","","","","","","","","","","","","","","","",""
"2024","12","22.95","80.26","","","","","","","","","","","","","","","",""
"2024","13","23.58","81.43","","","","","","","","","","","","","","","",""
"2024","14","24.37","78.54","","","","","","","","","","","","","","","",""
"2024","15","24.14","76.65","","","","","","","","","","","","","","","",""
"2024","16","24.4","73.95","","","","","","","","","","","","","","","",""
"2024","17","24.56","72.89","","","","","","","","","","","","","","","",""
"2024","18","25.01","73.57","","","","","","","","","","","","","","","",""
"2024","19","24.6","75.89","","","","","","","","","","","","","","","",""
"2024","20","24.25","77.9","","","","","","","","","","","","","","","",""
"2024","21","24.55","76.71","","","","","","","","","","","","","","","",""
"2024","22","25.59","74.66","","","","","","","","","","","","","","","",""
"2024","23","25.45","73.16","","","","","","","","","","","","","","","",""
"2024","24","25.59","70.73","","","","","","","","","","","","","","","",""
"2024","25","25.58","70.46","","","","","","","","","","","","","","","",""
"2024","26","25.29","72.8","","","","","","","","","","","","","","","",""
"2024","27","25.11","75.64","","","","","","","","","","","","","","","",""
"2024","28","24.02","80.77","","","","","","","","","","","","","","","",""
"2024","29","24.43","78.52","","","","","","","","","","","","","","","",""
"2024","30","24.06","81.74","","","","","","","","","","","","","","","",""
"2024","31","23.49","83.56","","","","","","","","","","","","","","","",""
"2024","32","24.12","80.05","","","","","","","","","","","","","","","",""
"2024","33","22.65","86.03","","","","","","","","","","","","","","","",""
"2024","34","23.11","84.12","","","","","","","","","","","","","","","",""
"2024","35","24.32","80.28","","","","","","","","","","","","","","","",""
"2024","36","23.42","85.86","","","","","","","","","","","","","","","",""
"2024","37","24.35","81.95","","","","","","","","","","","","","","","",""
"2024","38","24.33","82.44","","","","","","","","","","","","","","","",""
"2024","39","24.33","83.72","","","","","","","","","","","","","","","",""
"2024","40","24.25","85.11","","","","","","","","","","","","","","","",""
"2024","41","24.86","78.78","","","","","","","","","","","","","","","",""
"2024","42","24.17","81.39","","","","","","","","","","","","","","","",""
"2024","43","23.58","85.83","","","","","","","","","","","","","","","",""
"2024","44","23.43","85.36","","","","","","","","","","","","","","","",""
"2024","45","24.5","77.91","","","","","","","","","","","","","","","",""
"2024","46","25.12","77.21","","","","","","","","","","","","","","","",""
"2024","47","24.85","81.51","","","","","","","","","","","","","","","",""
"2024","48","25.01","81.75","","","","","","","","","","","","","","","",""
"2024","49","24.75","83.64","","","","","","","","","","","","","","","",""
"2024","50","23.89","88.36","","","","","","","","","","","","","","","",""
"2024","51","22.52","93.28","","","","","","","","","","","","","","","",""
"2024","52","22.42","84.85","","","","","","","","","","","","","","","",""
"2024","53","23.23","78.47","","","","","","","","","","","","","","","",""
"2024","54","23.65","82.22","","","","","","","","","","","","","","","",""
"2024","55","22.98","84.47","","","","","","","","","","","","","","","",""
"2024","56","22.9","89.77","","","","","","","","","","","","","","","",""
"2024","57","23.13","86","","","","","","","","","","","","","","","",""
"2024","58","23.24","86.91","","","","","","","","","","","","","","","",""
"2024","59","23.28","86.25","","","","","","","","","","","","","","","",""
"2024","60","23.12","85.59","","","","","","","","","","","","","","","",""
"2024","61","22.41","88.56","","","","","","","","","","","","","","","",""
"2024","62","22.65","86.75","","","","","","","","","","","","","","","",""
"2024","63","22.13","87.05","","","","","","","","","","","","","","","",""
"2024","64","22.88","86.25","","","","","","","","","","","","","","","",""
"2024","65","22.92","86.66","","","","","","","","","","","","","","","",""
"2024","66","23.77","84.53","","","","","","","","","","","","","","","",""
"2024","67","24.06","82.18","","","","","","","","","","","","","","","",""
"2024","68","24.27","81.36","","","","","","","","","","","","","","","",""
"2024","69","23.89","81.61","","","","","","","","","","","","","","","",""
"2024","70","24.67","80.5","","","","","","","","","","","","","","","",""
"2024","71","24.77","80.38","","","","","","","","","","","","","","","",""
"2024","72","24.73","78.96","","","","","","","","","","","","","","","",""
"2024","73","24.72","77.88","","","","","","","","","","","","","","","",""
"2024","74","24.81","75.1","","","","","","","","","","","","","","","",""
"2024","75","24.92","77.13","","","","","","","","","","","","","","","",""
"2024","76","25.29","77.42","","","","","","","","","","","","","","","",""
"2024","77","25.21","75.64","","","","","","","","","","","","","","","",""
"2024","78","25.1","76.32","","","","","","","","","","","","","","","",""
"2024","79","24.29","79.51","","","","","","","","","","","","","","","",""
"2024","80","23.85","81.86","","","","","","","","","","","","","","","",""
"2024","81","24.03","82.8","","","","","","","","","","","","","","","",""
"2024","82","23.95","83.19","","","","","","","","","","","","","","","",""
"2024","83","23.75","81.01","","","","","","","","","","","","","","","",""
"2024","84","23.87","82.75","","","","","","","","","","","","","","","",""
"2024","85","23.89","81.74","","","","","","","","","","","","","","","",""
"2024","86","23.1","83.35","","","","","","","","","","","","","","","",""
"2024","87","24.03","77.22","","","","","","","","","","","","","","","",""
"2024","88","24.18","77.16","","","","","","","","","","","","","","","",""
"2024","89","24.51","76.64","","","","","","","","","","","","","","","",""
"2024","90","24.68","71.95","","","","","","","","","","","","","","","",""
"2024","91","24.16","72.74","","","","","","","","","","","","","","","",""
"2024","92","22.59","82.21","","","","","","","","","","","","","","","",""
"2024","93","22.76","84.09","","","","","","","","","","","","","","","",""
"2024","94","22.65","81.44","","","","","","","","","","","","","","","",""
"2024","95","22.93","80.11","","","","","","","","","","","","","","","",""
"2024","96","23.81","78.76","","","","","","","","","","","","","","","",""
"2024","97","24.44","76.03","","","","","","","","","","","","","","","",""
"2024","98","24.99","75.54","","","","","","","","","","","","","","","",""
"2024","99","24.29","76.36","","","","","","","","","","","","","","","",""
"2024","100","24.93","71.11","","","","","","","","","","","","","","","",""
"2024","101","25.27","68.31","","","","","","","","","","","","","","","",""
"2024","102","25.23","67.85","","","","","","","","","","","","","","","",""
"2024","103","25.95","66.3","","","","","","","","","","","","","","","",""
"2024","104","25.51","69.37","","","","","","","","","","","","","","","",""
"2024","105","24.62","74.31","","","","","","","","","","","","","","","",""
"2024","106","24.24","76.62","","","","","","","","","","","","","","","",""
"2024","107","24.66","77.01","","","","","","","","","","","","","","","",""
"2024","108","24.73","72.69","","","","","","","","","","","","","","","",""
"2024","109","24.65","72.66","","","","","","","","","","","","","","","",""
"2024","110","24.38","76.04","","","","","","","","","","","","","","","",""
"2024","111","24.01","81.2","","","","","","","","","","","","","","","",""
"2024","112","22.75","83.21","","","","","","","","","","","","","","","",""
"2024","113","23.17","81.13","","","","","","","","","","","","","","","",""
"2024","114","23.74","79.49","","","","","","","","","","","","","","","",""
"2024","115","23.99","78.8","","","","","","","","","","","","","","","",""
"2024","116","24.12","78.28","","","","","","","","","","","","","","","",""
"2024","117","24.47","76.52","","","","","","","","","","","","","","","",""
"2024","118","22.76","82.9","","","","","","","","","","","","","","","",""
"2024","119","22.94","84.29","","","","","","","","","","","","","","","",""
"2024","120","23.96","80.16","","","","","","","","","","","","","","","",""
"2024","121","24.67","75.11","","","","","","","","","","","","","","","",""
"2024","122","24.76","70.91","","","","","","","","","","","","","","","",""
"2024","123","24.88","70.56","","","","","","","","","","","","","","","",""
"2024","124","24.02","75.09","","","","","","","","","","","","","","","",""
"2024","125","23.87","78.97","","","","","","","","","","","","","","","",""
"2024","126","24.49","77.23","","","","","","","","","","","","","","","",""
"2024","127","24.7","76.09","","","","","","","","","","","","","","","",""
"2024","128","23.93","75.63","","","","","","","","","","","","","","","",""
"2024","129","23.35","74.68","","","","","","","","","","","","","","","",""
"2024","130","24.34","73.66","","","","","","","","","","","","","","","",""
"2024","131","25.26","68.68","","","","","","","","","","","","","","","",""
"2024","132","25.12","68.08","","","","","","","","","","","","","","","",""
"2024","133","25.12","72.78","","","","","","","","","","","","","","","",""
"2024","134","25.1","70.56","","","","","","","","","","","","","","","",""
"2024","135","24.42","68.83","","","","","","","","","","","","","","","",""
"2024","136","23.52","75.32","","","","","","","","","","","","","","","",""
"2024","137","24.21","73.16","","","","","","","","","","","","","","","",""
"2024","138","24.55","73.01","","","","","","","","","","","","","","","",""
"2024","139","25.03","67.92","","","","","","","","","","","","","","","",""
"2024","140","25.37","65.14","","","","","","","","","","","","","","","",""
"2024","141","25.66","64.08","","","","","","","","","","","","","","","",""
"2024","142","25.04","66.46","","","","","","","","","","","","","","","",""
"2024","143","25","68.43","","","","","","","","","","","","","","","",""
"2024","144","24.52","67.44","","","","","","","","","","","","","","","",""
"2024","145","24.98","66.72","","","","","","","","","","","","","","","",""
"2024","146","25.01","67.15","","","","","","","","","","","","","","","",""
"2024","147","25.18","66.37","","","","","","","","","","","","","","","",""
"2024","148","24.89","65.89","","","","","","","","","","","","","","","",""
"2024","149","24.7","67.92","","","","","","","","","","","","","","","",""
"2024","150","23.96","72.26","","","","","","","","","","","","","","","",""
"2024","151","24.33","69.13","","","","","","","","","","","","","","","",""
"2024","152","25.41","65.35","","","","","","","","","","","","","","","",""
"2024","153","25.62","64.59","","","","","","","","","","","","","","","",""
"2024","154","24.73","65.57","","","","","","","","","","","","","","","",""
"2024","155","24.89","61.74","","","","","","","","","","","","","","","",""
"2024","156","24.4","60.62","","","","","","","","","","","","","","","",""
"2024","157","23.71","63.75","","","","","","","","","","","","","","","",""
"2024","158","23.7","63.37","","","","","","","","","","","","","","","",""
"2024","159","24.62","61.18","","","","","","","","","","","","","","","",""
"2024","160","25.16","60.67","","","","","","","","","","","","","","","",""
"2024","161","24.05","64.98","","","","","","","","","","","","","","","",""
"2024","162","23.15","67.98","","","","","","","","","","","","","","","",""
"2024","163","24.1","63.15","","","","","","","","","","","","","","","",""
"2024","164","24.28","63.3","","","","","","","","","","","","","","","",""
"2024","165","23.67","67.63","","","","","","","","","","","","","","","",""
"2024","166","23.27","67.66","","","","","","","","","","","","","","","",""
"2024","167","22.91","70.3","","","","","","","","","","","","","","","",""
"2024","168","23.84","69.02","","","","","","","","","","","","","","","",""
"2024","169","24.43","69.22","","","","","","","","","","","","","","","",""
"2024","170","23.39","68.41","","","","","","","","","","","","","","","",""
"2024","171","23.03","70.13","","","","","","","","","","","","","","","",""
"2024","172","23.04","71.68","","","","","","","","","","","","","","","",""
"2024","173","24.03","69.25","","","","","","","","","","","","","","","",""
"2024","174","24.59","64.78","","","","","","","","","","","","","","","",""
"2024","175","24.96","62.07","","","","","","","","","","","","","","","",""
"2024","176","24.56","61.5","","","","","","","","","","","","","","","",""
"2024","177","23.14","72.41","","","","","","","","","","","","","","","",""
"2024","178","22.75","70.89","","","","","","","","","","","","","","","",""
"2024","179","22.84","69.13","","","","","","","","","","","","","","","",""
"2024","180","22.92","67.96","","","","","","","","","","","","","","","",""
"2024","181","23.66","67.77","","","","","","","","","","","","","","","",""
"2024","182","23.43","73.16","","","","","","","","","","","","","","","",""
"2024","183","23.07","72","","","","","","","","","","","","","","","",""
"2024","184","23.55","69.1","","","","","","","","","","","","","","","",""
"2024","185","23.46","67.89","","","","","","","","","","","","","","","",""
"2024","186","23.03","70.05","","","","","","","","","","","","","","","",""
"2024","187","23.84","69.48","","","","","","","","","","","","","","","",""
"2024","188","24.58","63.52","","","","","","","","","","","","","","","",""
"2024","189","24.32","63.86","","","","","","","","","","","","","","","",""
"2024","190","24.5","61.44","","","","","","","","","","","","","","","",""
"2024","191","23.81","62.34","","","","","","","","","","","","","","","",""
"2024","192","23.5","64.56","","","","","","","","","","","","","","","",""
"2024","193","23.68","62.2","","","","","","","","","","","","","","","",""
"2024","194","23.29","63.33","","","","","","","","","","","","","","","",""
"2024","195","24.5","61.33","","","","","","","","","","","","","","","",""
"2024","196","25.22","57.92","","","","","","","","","","","","","","","",""
"2024","197","25.08","62.22","","","","","","","","","","","","","","","",""
"2024","198","24.59","57.99","","","","","","","","","","","","","","","",""
"2024","199","25.12","54.14","","","","","","","","","","","","","","","",""
"2024","200","24.58","56.27","","","","","","","","","","","","","","","",""
"2024","201","25.05","59.27","","","","","","","","","","","","","","","",""
"2024","202","24.83","59.47","","","","","","","","","","","","","","","",""
"2024","203","24.31","58.94","","","","","","","","","","","","","","","",""
"2024","204","24.6","57.5","","","","","","","","","","","","","","","",""
"2024","205","25.5","55.76","","","","","","","","","","","","","","","",""
"2024","206","25.29","54.8","","","","","","","","","","","","","","","",""
"2024","207","24.55","57.51","","","","","","","","","","","","","","","",""
"2024","208","24.91","57.95","","","","","","","","","","","","","","","",""
"2024","209","24.52","56.86","","","","","","","","","","","","","","","",""
"2024","210","25.55","57.48","","","","","","","","","","","","","","","",""
"2024","211","25.22","59.4","","","","","","","","","","","","","","","",""
"2024","212","25.03","55.62","","","","","","","","","","","","","","","",""
"2024","213","24.83","54.85","","","","","","","","","","","","","","","",""
"2024","214","24.48","53.45","","","","","","","","","","","","","","","",""
"2024","215","24.61","59.85","","","","","","","","","","","","","","","",""
"2024","216","23.94","63.21","","","","","","","","","","","","","","","",""
"2024","217","23.65","64.52","","","","","","","","","","","","","","","",""
"2024","218","23.88","63.67","","","","","","","","","","","","","","","",""
"2024","219","23.93","63.12","","","","","","","","","","","","","","","",""
"2024","220","24.06","62.62","","","","","","","","","","","","","","","",""
"2024","221","23.61","62.41","","","","","","","","","","","","","","","",""
"2024","222","22.61","65.2","","","","","","","","","","","","","","","",""
"2024","223","23.31","63.97","","","","","","","","","","","","","","","",""
"2024","224","24.55","61.49","","","","","","","","","","","","","","","",""
"2024","225","24.57","59.99","","","","","","","","","","","","","","","",""
"2024","226","24.94","58.49","","","","","","","","","","","","","","","",""
"2024","227","24.74","56.89","","","","","","","","","","","","","","","",""
"2024","228","24.9","57.52","","","","","","","","","","","","","","","",""
"2024","229","24.98","56.72","","","","","","","","","","","","","","","",""
"2024","230","24.84","55.23","","","","","","","","","","","","","","","",""
"2024","231","24.57","54.4","","","","","","","","","","","","","","","",""
"2024","232","25.29","52.54","","","","","","","","","","","","","","","",""
"2024","233","24.44","58.23","","","","","","","","","","","","","","","",""
"2024","234","24.16","58.88","","","","","","","","","","","","","","","",""
"2024","235","24.29","56.93","","","","","","","","","","","","","","","",""
"2024","236","23.71","60.44","","","","","","","","","","","","","","","",""
"2024","237","23.62","59.67","","","","","","","","","","","","","","","",""
"2024","238","24.08","56.68","","","","","","","","","","","","","","","",""
"2024","239","25.2","51.43","","","","","","","","","","","","","","","",""
"2024","240","24.85","54.31","","","","","","","","","","","","","","","",""
"2024","241","24.28","55.69","","","","","","","","","","","","","","","",""
"2024","242","25.14","53.23","","","","","","","","","","","","","","","",""
"2024","243","25.7","43.12","","","","","","","","","","","","","","","",""
"2024","244","24.33","50.58","","","","","","","","","","","","","","","",""
"2024","245","24.16","55.16","","","","","","","","","","","","","","","",""
"2024","246","24.77","54.52","","","","","","","","","","","","","","","",""
"2024","247","24.05","52.39","","","","","","","","","","","","","","","",""
"2024","248","24.59","53.51","","","","","","","","","","","","","","","",""
"2024","249","24.63","55.39","","","","","","","","","","","","","","","",""
"2024","250","25","55.58","","","","","","","","","","","","","","","",""
"2024","251","25.07","52.73","","","","","","","","","","","","","","","",""
"2024","252","25.07","53.51","","","","","","","","","","","","","","","",""
"2024","253","25.32","54.6","","","","","","","","","","","","","","","",""
"2024","254","25.36","54.18","","","","","","","","","","","","","","","",""
"2024","255","25.43","52.01","","","","","","","","","","","","","","","",""
"2024","256","25.89","52.88","","","","","","","","","","","","","","","",""
"2024","257","25.4","51.42","","","","","","","","","","","","","","","",""
"2024","258","25.79","53.48","","","","","","","","","","","","","","","",""
"2024","259","25.98","52.87","","","","","","","","","","","","","","","",""
"2024","260","26","53.64","","","","","","","","","","","","","","","",""
"2024","261","26.72","47.07","","","","","","","","","","","","","","","",""
"2024","262","25.74","52.21","","","","","","","","","","","","","","","",""
"2024","263","25.51","53.17","","","","","","","","","","","","","","","",""
"2024","264","24.8","53.48","","","","","","","","","","","","","","","",""
"2024","265","24.57","54.99","","","","","","","","","","","","","","","",""
"2024","266","24.68","58.8","","","","","","","","","","","","","","","",""
"2024","267","24.61","57.98","","","","","","","","","","","","","","","",""
"2024","268","24.89","51.9","","","","","","","","","","","","","","","",""
"2024","269","24.8","52.99","","","","","","","","","","","","","","","",""
"2024","270","24.82","53.8","","","","","","","","","","","","","","","",""
"2024","271","24.4","57.19","","","","","","","","","","","","","","","",""
"2024","272","23.62","61.98","","","","","","","","","","","","","","","",""
"2024","273","23.69","65.2","","","","","","","","","","","","","","","",""
"2024","274","23.6","66.77","","","","","","","","","","","","","","","",""
"2024","275","23.85","65.19","","","","","","","","","","","","","","","",""
"2024","276","23.71","68.03","","","","","","","","","","","","","","","",""
"2024","277","24.53","65.22","","","","","","","","","","","","","","","",""
"2024","278","24.35","59.89","","","","","","","","","","","","","","","",""
"2024","279","24.43","62.33","","","","","","","","","","","","","","","",""
"2024","280","24.12","62.81","","","","","","","","","","","","","","","",""
"2024","281","23.85","61.79","","","","","","","","","","","","","","","",""
"2024","282","23.68","63.35","","","","","","","","","","","","","","","",""
"2024","283","23.29","66.17","","","","","","","","","","","","","","","",""
"2024","284","23.46","66.19","","","","","","","","","","","","","","","",""
"2024","285","24.93","62.96","","","","","","","","","","","","","","","",""
"2024","286","24.56","59.69","","","","","","","","","","","","","","","",""
"2024","287","25.75","53.86","","","","","","","","","","","","","","","",""
"2024","288","26.3","52.66","","","","","","","","","","","","","","","",""
"2024","289","25.68","56.55","","","","","","","","","","","","","","","",""
"2024","290","25.67","55.48","","","","","","","","","","","","","","","",""
"2024","291","25.29","57.76","","","","","","","","","","","","","","","",""
"2024","292","25.5","57.18","","","","","","","","","","","","","","","",""
"2024","293","24.54","60.46","","","","","","","","","","","","","","","",""
"2024","294","23.61","62.43","","","","","","","","","","","","","","","",""
"2024","295","23.87","65.85","","","","","","","","","","","","","","","",""
"2024","296","23.94","63.87","","","","","","","","","","","","","","","",""
"2024","297","24.03","65.25","","","","","","","","","","","","","","","",""
"2024","298","24.4","61.96","","","","","","","","","","","","","","","",""
"2024","299","24.71","60.95","","","","","","","","","","","","","","","",""
"2024","300","24.75","60.05","","","","","","","","","","","","","","","",""
"2024","301","24.54","61.23","","","","","","","","","","","","","","","",""
"2024","302","25.38","57.37","","","","","","","","","","","","","","","",""
"2024","303","25.21","57.27","","","","","","","","","","","","","","","",""
"2024","304","24.78","56.57","","","","","","","","","","","","","","","",""
"2024","305","24.13","62.53","","","","","","","","","","","","","","","",""
"2024","306","23.2","63.62","","","","","","","","","","","","","","","",""
"2024","307","22.23","66.88","","","","","","","","","","","","","","","",""
"2024","308","22.89","66.67","","","","","","","","","","","","","","","",""
"2024","309","22.53","65.43","","","","","","","","","","","","","","","",""
"2024","310","23.05","66.27","","","","","","","","","","","","","","","",""
"2024","311","23.5","65.47","","","","","","","","","","","","","","","",""
"2024","312","21.96","71.46","","","","","","","","","","","","","","","",""
"2024","313","21.55","72","","","","","","","","","","","","","","","",""
"2024","314","22.85","64.68","","","","","","","","","","","","","","","",""
"2024","315","22.86","64.31","","","","","","","","","","","","","","","",""
"2024","316","23.9","62.4","","","","","","","","","","","","","","","",""
"2024","317","23.03","61.89","","","","","","","","","","","","","","","",""
"2024","318","22.51","62.98","","","","","","","","","","","","","","","",""
"2024","319","22.83","61.04","","","","","","","","","","","","","","","",""
"2024","320","23.27","59.18","","","","","","","","","","","","","","","",""
"2024","321","22.22","65.81","","","","","","","","","","","","","","","",""
"2024","322","22.61","66.85","","","","","","","","","","","","","","","",""
"2024","323","23","65.6","","","","","","","","","","","","","","","",""
"2024","324","23.08","64.37","","","","","","","","","","","","","","","",""
"2024","325","22.92","66.9","","","","","","","","","","","","","","","",""
"2024","326","21.5","71.37","","","","","","","","","","","","","","","",""
"2024","327","23.15","65.83","","","","","","","","","","","","","","","",""
"2024","328","22.47","66.58","","","","","","","","","","","","","","","",""
"2024","329","23.81","65.58","","","","","","","","","","","","","","","",""
"2024","330","24.07","61.84","","","","","","","","","","","","","","","",""
"2024","331","23.92","64.81","","","","","","","","","","","","","","","",""
"2024","332","22.93","69.57","","","","","","","","","","","","","","","",""
"2024","333","23.17","65.78","","","","","","","","","","","","","","","",""
"2024","334","23.32","65","","","","","","","","","","","","","","","",""
"2024","335","24.98","58.68","","","","","","","","","","","","","","","",""
"2024","336","24.76","59.83","","","","","","","","","","","","","","","",""
"2024","337","24.3","61.45","","","","","","","","","","","","","","","",""
"2024","338","23.87","64.7","","","","","","","","","","","","","","","",""
"2024","339","23.85","67.19","","","","","","","","","","","","","","","",""
"2024","340","23.88","68.37","","","","","","","","","","","","","","","",""
"2024","341","22.99","70.29","","","","","","","","","","","","","","","",""
"2024","342","22.19","72.1","","","","","","","","","","","","","","","",""
"2024","343","22.58","71.86","","","","","","","","","","","","","","","",""
"2024","344","23.88","69.02","","","","","","","","","","","","","","","",""
"2024","345","24.19","64.61","","","","","","","","","","","","","","","",""
"2024","346","24.16","63.13","","","","","","","","","","","","","","","",""
"2024","347","24.32","63.17","","","","","","","","","","","","","","","",""
"2024","348","23.28","72.64","","","","","","","","","","","","","","","",""
"2024","349","22.88","78.51","","","","","","","","","","","","","","","",""
"2024","350","22.1","78.68","","","","","","","","","","","","","","","",""
"2024","351","23.36","72.82","","","","","","","","","","","","","","","",""
"2024","352","23.54","68.88","","","","","","","","","","","","","","","",""
"2024","353","23.43","70.63","","","","","","","","","","","","","","","",""
"2024","354","23.89","69.66","","","","","","","","","","","","","","","",""
"2024","355","23.86","70.45","","","","","","","","","","","","","","","",""
"2024","356","23.59","72.06","","","","","","","","","","","","","","","",""
"2024","357","23.33","73.96","","","","","","","","","","","","","","","",""
"2024","358","22.94","75.31","","","","","","","","","","","","","","","",""
"2024","359","23.18","73.52","","","","","","","","","","","","","","","",""
"2024","360","22.33","76.13","","","","","","","","","","","","","","","",""
"2024","361","21.52","81.36","","","","","","","","","","","","","","","",""
"2024","362","21.46","80.81","","","","","","","","","","","","","","","",""
"2024","363","22.41","79.31","","","","","","","","","","","","","","","",""
"2024","364","22.55","77.77","","","","","","","","","","","","","","","",""
"2024","365","21.43","81.72","","","","","","","","","","","","","","","",""
"2024","366","21.41","84.89","","","","","","","","","","","","","","","",""
"2025","1","21.12","81.2","","","","","","","","","","","","","","","",""
"2025","2","21.36","82.02","","","","","","","","","","","","","","","",""
"2025","3","21.68","81.38","","","","","","","","","","","","","","","",""
"2025","4","21.85","79.77","","","","","","","","","","","","","","","",""
"2025","5","22.25","80.81","","","","","","","","","","","","","","","",""
"2025","6","22.6","78.54","","","","","","","","","","","","","","","",""
"2025","7","22.02","84.36","","","","","","","","","","","","","","","",""
"2025","8","22","84.64","","","","","","","","","","","","","","","",""
"2025","9","21.37","86.66","","","","","","","","","","","","","","","",""
"2025","10","22.54","82.08","","","","","","","","","","","","","","","",""
"2025","11","22.69","80.51","","","","","","","","","","","","","","","",""
"2025","12","22.52","78.01","","","","","","","","","","","","","","","",""
"2025","13","23.1","76.18","","","","","","","","","","","","","","","",""
"2025","14","21.5","82.8","","","","","","","","","","","","","","","",""
"2025","15","22.67","79.74","","","","","","","","","","","","","","","",""
"2025","16","21.36","86.58","","","","","","","","","","","","","","","",""
"2025","17","21.83","81.16","","","","","","","","","","","","","","","",""
"2025","18","22.17","82.21","","","","","","","","","","","","","","","",""
"2025","19","22.35","81.63","","","","","","","","","","","","","","","",""
"2025","20","22.28","80.7","","","","","","","","","","","","","","","",""
"2025","21","22.47","80.77","","","","","","","","","","","","","","","",""
"2025","22","22.76","77.67","","","","","","","","","","","","","","","",""
"2025","23","23.32","70.74","","","","","","","","","","","","","","","",""
"2025","24","22.87","71.06","","","","","","","","","","","","","","","",""
"2025","25","23.45","72.54","","","","","","","","","","","","","","","",""
"2025","26","23.97","72.57","","","","","","","","","","","","","","","",""
"2025","27","23.61","72.4","","","","","","","","","","","","","","","",""
"2025","28","23.54","72.78","","","","","","","","","","","","","","","",""
"2025","29","23.2","74.71","","","","","","","","","","","","","","","",""
"2025","30","23.86","71.46","","","","","","","","","","","","","","","",""
"2025","31","23.85","76.06","","","","","","","","","","","","","","","",""
"2025","32","23.77","76.87","","","","","","","","","","","","","","","",""
"2025","33","24.27","71.52","","","","","","","","","","","","","","","",""
"2025","34","23.39","73.66","","","","","","","","","","","","","","","",""
"2025","35","23.37","75.5","","","","","","","","","","","","","","","",""
"2025","36","23.46","77.49","","","","","","","","","","","","","","","",""
"2025","37","23.4","79.19","","","","","","","","","","","","","","","",""
"2025","38","22.62","81.6","","","","","","","","","","","","","","","",""
"2025","39","22.49","80.67","","","","","","","","","","","","","","","",""
"2025","40","23.12","79.81","","","","","","","","","","","","","","","",""
"2025","41","22.22","87.81","","","","","","","","","","","","","","","",""
"2025","42","21.96","91.05","","","","","","","","","","","","","","","",""
"2025","43","21.58","88.25","","","","","","","","","","","","","","","",""
"2025","44","22.31","86.48","","","","","","","","","","","","","","","",""
"2025","45","22.46","85.75","","","","","","","","","","","","","","","",""
"2025","46","22.5","85.29","","","","","","","","","","","","","","","",""
"2025","47","22.45","88.66","","","","","","","","","","","","","","","",""
"2025","48","21.63","91.64","","","","","","","","","","","","","","","",""
"2025","49","21.55","87.83","","","","","","","","","","","","","","","",""
"2025","50","21.55","88.51","","","","","","","","","","","","","","","",""
"2025","51","22.79","84.03","","","","","","","","","","","","","","","",""
"2025","52","22.8","83.5","","","","","","","","","","","","","","","",""
"2025","53","22.48","86.71","","","","","","","","","","","","","","","",""
"2025","54","22.73","86.42","","","","","","","","","","","","","","","",""
"2025","55","22.92","87.46","","","","","","","","","","","","","","","",""
"2025","56","22.51","86.29","","","","","","","","","","","","","","","",""
"2025","57","23.24","86.27","","","","","","","","","","","","","","","",""
"2025","58","23.24","87.51","","","","","","","","","","","","","","","",""
"2025","59","22.57","90.65","","","","","","","","","","","","","","","",""
"2025","60","22.01","94.34","","","","","","","","","","","","","","","",""
"2025","61","22.26","89.7","","","","","","","","","","","","","","","",""
"2025","62","22.14","91.44","","","","","","","","","","","","","","","",""
"2025","63","21.98","90.67","","","","","","","","","","","","","","","",""
"2025","64","22.12","81.99","","","","","","","","","","","","","","","",""
"2025","65","21.91","83.93","","","","","","","","","","","","","","","",""
"2025","66","23.27","77.9","","","","","","","","","","","","","","","",""
"2025","67","22.51","92.81","","","","","","","","","","","","","","","",""
"2025","68","22.92","80.4","","","","","","","","","","","","","","","",""
"2025","69","22.72","90.38","","","","","","","","","","","","","","","",""
"2025","70","22.15","93.77","","","","","","","","","","","","","","","",""
"2025","71","22.11","87.81","","","","","","","","","","","","","","","",""
"2025","72","21.87","91.65","","","","","","","","","","","","","","","",""
"2025","73","21.82","91.35","","","","","","","","","","","","","","","",""
"2025","74","21.98","90.51","","","","","","","","","","","","","","","",""
"2025","75","22.75","87.36","","","","","","","","","","","","","","","",""
"2025","76","22.53","87.95","","","","","","","","","","","","","","","",""
"2025","77","22.3","92.04","","","","","","","","","","","","","","","",""
"2025","78","22.76","90.08","","","","","","","","","","","","","","","",""
"2025","79","22.44","87.82","","","","","","","","","","","","","","","",""
"2025","80","23.16","87.06","","","","","","","","","","","","","","","",""
"2025","81","23.46","85.99","","","","","","","","","","","","","","","",""
"2025","82","23.39","83.31","","","","","","","","","","","","","","","",""
"2025","83","23.73","82.54","","","","","","","","","","","","","","","",""
"2025","84","23.44","84.91","","","","","","","","","","","","","","","",""
"2025","85","22.6","90.36","","","","","","","","","","","","","","","",""
"2025","86","22.65","90.44","","","","","","","","","","","","","","","",""
"2025","87","22.29","93.99","","","","","","","","","","","","","","","",""
"2025","88","22.76","87.96","","","","","","","","","","","","","","","",""
"2025","89","22.21","92.83","","","","","","","","","","","","","","","",""
"2025","90","22.29","88.11","","","","","","","","","","","","","","","",""
"2025","91","22.4","91.52","","","","","","","","","","","","","","","",""
"2025","92","22.49","91.6","","","","","","","","","","","","","","","",""
"2025","93","22.18","92.87","","","","","","","","","","","","","","","",""
"2025","94","22.93","87.74","","","","","","","","","","","","","","","",""
"2025","95","22.9","89.95","","","","","","","","","","","","","","","",""
"2025","96","22.67","90.54","","","","","","","","","","","","","","","",""
"2025","97","23.55","86.53","","","","","","","","","","","","","","","",""
"2025","98","22.82","88.83","","","","","","","","","","","","","","","",""
"2025","99","22.99","88.11","","","","","","","","","","","","","","","",""
"2025","100","21.83","92.81","","","","","","","","","","","","","","","",""
"2025","101","21.77","91.5","","","","","","","","","","","","","","","",""
"2025","102","22.25","89.02","","","","","","","","","","","","","","","",""
"2025","103","22.18","88.23","","","","","","","","","","","","","","","",""
"2025","104","22.4","86.73","","","","","","","","","","","","","","","",""
"2025","105","23.4","81.72","","","","","","","","","","","","","","","",""
"2025","106","23.05","82.65","","","","","","","","","","","","","","","",""
"2025","107","22.95","83.78","","","","","","","","","","","","","","","",""
"2025","108","23.54","82.96","","","","","","","","","","","","","","","",""
"2025","109","23.64","81.64","","","","","","","","","","","","","","","",""
"2025","110","22.91","83.44","","","","","","","","","","","","","","","",""
"2025","111","22.51","84.07","","","","","","","","","","","","","","","",""
"2025","112","22.64","84.63","","","","","","","","","","","","","","","",""
"2025","113","22.68","86.42","","","","","","","","","","","","","","","",""
"2025","114","21.98","89.9","","","","","","","","","","","","","","","",""
"2025","115","22.31","88.48","","","","","","","","","","","","","","","",""
"2025","116","22.04","87.27","","","","","","","","","","","","","","","",""
"2025","117","21.74","88.56","","","","","","","","","","","","","","","",""
"2025","118","21.93","89.07","","","","","","","","","","","","","","","",""
"2025","119","22.12","88.13","","","","","","","","","","","","","","","",""
"2025","120","21.51","88.02","","","","","","","","","","","","","","","",""
"2025","121","22.45","84.46","","","","","","","","","","","","","","","",""
"2025","122","22.58","85.47","","","","","","","","","","","","","","","",""
"2025","123","22.83","85.09","","","","","","","","","","","","","","","",""
"2025","124","22.55","85.33","","","","","","","","","","","","","","","",""
"2025","125","22.17","84.88","","","","","","","","","","","","","","","",""
"2025","126","22.36","84.52","","","","","","","","","","","","","","","",""
"2025","127","22.69","81.28","","","","","","","","","","","","","","","",""
"2025","128","22.82","81.58","","","","","","","","","","","","","","","",""
"2025","129","22.98","78.72","","","","","","","","","","","","","","","",""
"2025","130","22.94","78.77","","","","","","","","","","","","","","","",""
"2025","131","22.92","77.67","","","","","","","","","","","","","","","",""
"2025","132","22.8","80.29","","","","","","","","","","","","","","","",""
"2025","133","22.87","78.96","","","","","","","","","","","","","","","",""
"2025","134","22.29","81.34","","","","","","","","","","","","","","","",""
"2025","135","22.16","81.4","","","","","","","","","","","","","","","",""
"2025","136","21.67","85.13","","","","","","","","","","","","","","","",""
"2025","137","21.81","88.64","","","","","","","","","","","","","","","",""
"2025","138","22.17","87.88","","","","","","","","","","","","","","","",""
"2025","139","22.58","86.09","","","","","","","","","","","","","","","",""
"2025","140","22.03","84.47","","","","","","","","","","","","","","","",""
"2025","141","22.61","79.09","","","","","","","","","","","","","","","",""
"2025","142","23.28","79.82","","","","","","","","","","","","","","","",""
"2025","143","22.94","78.86","","","","","","","","","","","","","","","",""
"2025","144","22.36","80.95","","","","","","","","","","","","","","","",""
"2025","145","22.59","81.33","","","","","","","","","","","","","","","",""
"2025","146","22.51","82.29","","","","","","","","","","","","","","","",""
"2025","147","22.42","80.93","","","","","","","","","","","","","","","",""
"2025","148","22.89","80.27","","","","","","","","","","","","","","","",""
"2025","149","23.04","78.73","","","","","","","","","","","","","","","",""
"2025","150","22.47","79.19","","","","","","","","","","","","","","","",""
"2025","151","22.23","79.18","","","","","","","","","","","","","","","",""
"2025","152","22.6","78.86","","","","","","","","","","","","","","","",""
"2025","153","22.4","77.9","","","","","","","","","","","","","","","",""
"2025","154","21.98","81.29","","","","","","","","","","","","","","","",""
"2025","155","21.93","81.11","","","","","","","","","","","","","","","",""
"2025","156","22.15","78.64","","","","","","","","","","","","","","","",""
"2025","157","22.14","77.2","","","","","","","","","","","","","","","",""
"2025","158","22.62","77.22","","","","","","","","","","","","","","","",""
"2025","159","22.27","77.37","","","","","","","","","","","","","","","",""
"2025","160","22.51","77.41","","","","","","","","","","","","","","","",""
"2025","161","21.83","80.69","","","","","","","","","","","","","","","",""
"2025","162","22.36","79.53","","","","","","","","","","","","","","","",""
"2025","163","22.29","79.46","","","","","","","","","","","","","","","",""
"2025","164","21.99","79.71","","","","","","","","","","","","","","","",""
"2025","165","21.78","81.47","","","","","","","","","","","","","","","",""
"2025","166","21.42","83.52","","","","","","","","","","","","","","","",""
"2025","167","21.73","79.53","","","","","","","","","","","","","","","",""
"2025","168","22.74","75.85","","","","","","","","","","","","","","","",""
"2025","169","22.87","77.49","","","","","","","","","","","","","","","",""
"2025","170","22.43","78.54","","","","","","","","","","","","","","","",""
"2025","171","22.27","76.17","","","","","","","","","","","","","","","",""
"2025","172","21.79","76.64","","","","","","","","","","","","","","","",""
"2025","173","21.35","75.41","","","","","","","","","","","","","","","",""
"2025","174","21.09","76.4","","","","","","","","","","","","","","","",""
"2025","175","21.89","78.54","","","","","","","","","","","","","","","",""
"2025","176","21.37","81.38","","","","","","","","","","","","","","","",""
"2025","177","22.22","76.21","","","","","","","","","","","","","","","",""
"2025","178","22.86","74.14","","","","","","","","","","","","","","","",""
"2025","179","22.94","73.72","","","","","","","","","","","","","","","",""
"2025","180","22.92","73.77","","","","","","","","","","","","","","","",""
"2025","181","23.09","74.12","","","","","","","","","","","","","","","",""
"2025","182","22.75","72.85","","","","","","","","","","","","","","","",""
"2025","183","22.88","73.23","","","","","","","","","","","","","","","",""
"2025","184","23.24","72.9","","","","","","","","","","","","","","","",""
"2025","185","22.66","72.35","","","","","","","","","","","","","","","",""
"2025","186","23.06","68.8","","","","","","","","","","","","","","","",""
"2025","187","22.59","69.84","","","","","","","","","","","","","","","",""
"2025","188","22.72","72.45","","","","","","","","","","","","","","","",""
"2025","189","22.54","74.8","","","","","","","","","","","","","","","",""
"2025","190","22.12","74.3","","","","","","","","","","","","","","","",""
"2025","191","22.33","72.3","","","","","","","","","","","","","","","",""
"2025","192","22.52","71.48","","","","","","","","","","","","","","","",""
"2025","193","22.41","69.77","","","","","","","","","","","","","","","",""
"2025","194","22.78","67.36","","","","","","","","","","","","","","","",""
"2025","195","24.18","60.16","","","","","","","","","","","","","","","",""
"2025","196","23.38","63.52","","","","","","","","","","","","","","","",""
"2025","197","23.1","67.6","","","","","","","","","","","","","","","",""
"2025","198","23.82","66.27","","","","","","","","","","","","","","","",""
"2025","199","23.77","65.68","","","","","","","","","","","","","","","",""
"2025","200","23.62","66.6","","","","","","","","","","","","","","","",""
"2025","201","23.63","68.23","","","","","","","","","","","","","","","",""
"2025","202","22.92","65.78","","","","","","","","","","","","","","","",""
"2025","203","22.9","68.33","","","","","","","","","","","","","","","",""
"2025","204","23.51","67.99","","","","","","","","","","","","","","","",""
"2025","205","23.41","67.23","","","","","","","","","","","","","","","",""
"2025","206","23.02","67.7","","","","","","","","","","","","","","","",""
"2025","207","22.95","67.49","","","","","","","","","","","","","","","",""
"2025","208","23.13","68.27","","","","","","","","","","","","","","","",""
"2025","209","23.4","65.4","","","","","","","","","","","","","","","",""
"2025","210","24.2","61.81","","","","","","","","","","","","","","","",""
"2025","211","23.6","60.94","","","","","","","","","","","","","","","",""
"2025","212","24","60.94","","","","","","","","","","","","","","","",""
"2025","213","24.36","63.19","","","","","","","","","","","","","","","",""
"2025","214","24.19","62.97","","","","","","","","","","","","","","","",""
"2025","215","23.84","66.11","","","","","","","","","","","","","","","",""
"2025","216","23.3","66.82","","","","","","","","","","","","","","","",""
"2025","217","23.15","64.22","","","","","","","","","","","","","","","",""
"2025","218","24.4","59.12","","","","","","","","","","","","","","","",""
"2025","219","23.63","64.96","","","","","","","","","","","","","","","",""
"2025","220","23.19","65.03","","","","","","","","","","","","","","","",""
"2025","221","23.45","63.11","","","","","","","","","","","","","","","",""
"2025","222","23.26","63.53","","","","","","","","","","","","","","","",""
"2025","223","23.69","62.62","","","","","","","","","","","","","","","",""
"2025","224","23.32","65.04","","","","","","","","","","","","","","","",""
"2025","225","22.73","65.92","","","","","","","","","","","","","","","",""
"2025","226","22.78","66.77","","","","","","","","","","","","","","","",""
"2025","227","22.88","67.05","","","","","","","","","","","","","","","",""
"2025","228","22.63","67.64","","","","","","","","","","","","","","","",""
"2025","229","22.9","68.56","","","","","","","","","","","","","","","",""
"2025","230","23.39","65.83","","","","","","","","","","","","","","","",""
"2025","231","24.02","62.88","","","","","","","","","","","","","","","",""
"2025","232","23.36","64.18","","","","","","","","","","","","","","","",""
"2025","233","23.44","62.04","","","","","","","","","","","","","","","",""
"2025","234","22.38","65.5","","","","","","","","","","","","","","","",""
"2025","235","23.41","62.47","","","","","","","","","","","","","","","",""
"2025","236","23.75","61.3","","","","","","","","","","","","","","","",""
"2025","237","23.96","62.38","","","","","","","","","","","","","","","",""
"2025","238","24.75","59.47","","","","","","","","","","","","","","","",""
"2025","239","25.45","58.11","","","","","","","","","","","","","","","",""
"2025","240","24.4","58.2","","","","","","","","","","","","","","","",""
"2025","241","24.08","60.28","","","","","","","","","","","","","","","",""
"2025","242","23.49","61.56","","","","","","","","","","","","","","","",""
"2025","243","23.91","59.64","","","","","","","","","","","","","","","",""
"2025","244","23.94","61.86","","","","","","","","","","","","","","","",""
"2025","245","23.67","62.59","","","","","","","","","","","","","","","",""
"2025","246","24.22","60.69","","","","","","","","","","","","","","","",""
"2025","247","23.88","61.88","","","","","","","","","","","","","","","",""
"2025","248","23.6","59.86","","","","","","","","","","","","","","","",""
"2025","249","22.32","64.39","","","","","","","","","","","","","","","",""
"2025","250","23.25","63.28","","","","","","","","","","","","","","","",""
"2025","251","23.83","61.12","","","","","","","","","","","","","","","",""
"2025","252","24.11","62.81","","","","","","","","","","","","","","","",""
"2025","253","23.82","63.64","","","","","","","","","","","","","","","",""
"2025","254","24.38","60.38","","","","","","","","","","","","","","","",""
"2025","255","24.55","58.13","","","","","","","","","","","","","","","",""
"2025","256","24.27","59.87","","","","","","","","","","","","","","","",""
"2025","257","24.68","62.05","","","","","","","","","","","","","","","",""
"2025","258","24.2","62.8","","","","","","","","","","","","","","","",""
"2025","259","23.89","64.42","","","","","","","","","","","","","","","",""
"2025","260","23.61","64.98","","","","","","","","","","","","","","","",""
"2025","261","23.51","65.06","","","","","","","","","","","","","","","",""
"2025","262","23.43","67.26","","","","","","","","","","","","","","","",""
"2025","263","24.2","64.1","","","","","","","","","","","","","","","",""
"2025","264","24.26","64.87","","","","","","","","","","","","","","","",""
"2025","265","23.97","63.35","","","","","","","","","","","","","","","",""
"2025","266","23.95","64.79","","","","","","","","","","","","","","","",""
"2025","267","23.66","64.22","","","","","","","","","","","","","","","",""
"2025","268","24.49","60.52","","","","","","","","","","","","","","","",""
"2025","269","24.22","60.76","","","","","","","","","","","","","","","",""
"2025","270","24.61","58.99","","","","","","","","","","","","","","","",""
"2025","271","24.07","62.78","","","","","","","","","","","","","","","",""
"2025","272","23.99","63.11","","","","","","","","","","","","","","","",""
"2025","273","23.84","62.52","","","","","","","","","","","","","","","",""
"2025","274","23.69","66.25","","","","","","","","","","","","","","","",""
"2025","275","24.02","63.9","","","","","","","","","","","","","","","",""
"2025","276","22.79","67.18","","","","","","","","","","","","","","","",""
"2025","277","23.61","65.44","","","","","","","","","","","","","","","",""
"2025","278","24","64.13","","","","","","","","","","","","","","","",""
"2025","279","23.92","62.48","","","","","","","","","","","","","","","",""
"2025","280","24.11","61.61","","","","","","","","","","","","","","","",""
"2025","281","23.84","63.27","","","","","","","","","","","","","","","",""
"2025","282","23.03","71.15","","","","","","","","","","","","","","","",""
"2025","283","22.79","71.9","","","","","","","","","","","","","","","",""
"2025","284","22.8","74.25","","","","","","","","","","","","","","","",""
"2025","285","22.25","77.25","","","","","","","","","","","","","","","",""
"2025","286","22.06","79.95","","","","","","","","","","","","","","","",""
"2025","287","23.44","73.62","","","","","","","","","","","","","","","",""
"2025","288","22.29","75.02","","","","","","","","","","","","","","","",""
"2025","289","21.89","72.6","","","","","","","","","","","","","","","",""
"2025","290","22.65","69.95","","","","","","","","","","","","","","","",""
"2025","291","23.24","66.91","","","","","","","","","","","","","","","",""
"2025","292","23.17","69.22","","","","","","","","","","","","","","","",""
"2025","293","23.61","65.4","","","","","","","","","","","","","","","",""
"2025","294","23.61","66.71","","","","","","","","","","","","","","","",""
"2025","295","23.61","67.38","","","","","","","","","","","","","","","",""
"2025","296","23.83","67.24","","","","","","","","","","","","","","","",""
"2025","297","23.39","69.72","","","","","","","","","","","","","","","",""
"2025","298","23.65","67.43","","","","","","","","","","","","","","","",""
"2025","299","23.84","66.16","","","","","","","","","","","","","","","",""
"2025","300","22.65","68.97","","","","","","","","","","","","","","","",""
"2025","301","23.13","68.92","","","","","","","","","","","","","","","",""
"2025","302","22.27","72.51","","","","","","","","","","","","","","","",""
"2025","303","23.19","71.15","","","","","","","","","","","","","","","",""
"2025","304","22.75","71.48","","","","","","","","","","","","","","","",""
"2025","305","23.54","69.03","","","","","","","","","","","","","","","",""
"2025","306","23.24","67.93","","","","","","","","","","","","","","","",""
"2025","307","22.07","72.09","","","","","","","","","","","","","","","",""
"2025","308","21.92","74.66","","","","","","","","","","","","","","","",""
"2025","309","21.38","81.31","","","","","","","","","","","","","","","",""
"2025","310","23.26","72.88","","","","","","","","","","","","","","","",""
"2025","311","23.89","66.48","","","","","","","","","","","","","","","",""
"2025","312","23.57","67.7","","","","","","","","","","","","","","","",""
"2025","313","23.57","67.94","","","","","","","","","","","","","","","",""
"2025","314","24.37","65.22","","","","","","","","","","","","","","","",""
"2025","315","23.77","66.56","","","","","","","","","","","","","","","",""
"2025","316","24.16","64.72","","","","","","","","","","","","","","","",""
"2025","317","23.01","71.45","","","","","","","","","","","","","","","",""
"2025","318","23.54","69.58","","","","","","","","","","","","","","","",""
"2025","319","22.38","74.34","","","","","","","","","","","","","","","",""
"2025","320","22.02","77.02","","","","","","","","","","","","","","","",""
"2025","321","22.39","74.95","","","","","","","","","","","","","","","",""
"2025","322","22.74","72.33","","","","","","","","","","","","","","","",""
"2025","323","23.7","72.15","","","","","","","","","","","","","","","",""
"2025","324","23.62","69.91","","","","","","","","","","","","","","","",""
"2025","325","23.08","69.46","","","","","","","","","","","","","","","",""
"2025","326","23.44","69.16","","","","","","","","","","","","","","","",""
"2025","327","23.78","67.75","","","","","","","","","","","","","","","",""
"2025","328","23.09","69.2","","","","","","","","","","","","","","","",""
"2025","329","23.68","67.91","","","","","","","","","","","","","","","",""
"2025","330","23.83","66.3","","","","","","","","","","","","","","","",""
"2025","331","23.47","68.62","","","","","","","","","","","","","","","",""
"2025","332","23.13","72.01","","","","","","","","","","","","","","","",""
"2025","333","23.33","70.05","","","","","","","","","","","","","","","",""
"2025","334","22.68","70.57","","","","","","","","","","","","","","","",""
"2025","335","23.38","68.44","","","","","","","","","","","","","","","",""
"2025","336","23.07","67.85","","","","","","","","","","","","","","","",""
"2025","337","23.52","64.91","","","","","","","","","","","","","","","",""
"2025","338","23.24","69.28","","","","","","","","","","","","","","","",""
"2025","339","23.23","66.13","","","","","","","","","","","","","","","",""
"2025","340","23.09","65.62","","","","","","","","","","","","","","","",""
"2025","341","23.27","65.24","","","","","","","","","","","","","","","",""
"2025","342","23.09","62.91","","","","","","","","","","","","","","","",""
"2025","343","22.62","67.29","","","","","","","","","","","","","","","",""
"2025","344","23.07","65.68","","","","","","","","","","","","","","","",""
"2025","345","22.76","65.32","","","","","","","","","","","","","","","",""
"2025","346","21.54","71.78","","","","","","","","","","","","","","","",""
"2025","347","23.42","63.48","","","","","","","","","","","","","","","",""
"2025","348","23.92","64.7","","","","","","","","","","","","","","","",""
"2025","349","23.64","66.61","","","","","","","","","","","","","","","",""
"2025","350","22.68","69.29","","","","","","","","","","","","","","","",""
"2025","351","22.9","66.68","","","","","","","","","","","","","","","",""
"2025","352","22.62","67.85","","","","","","","","","","","","","","","",""
"2025","353","22.44","69.92","","","","","","","","","","","","","","","",""
"2025","354","22.97","68.95","","","","","","","","","","","","","","","",""
"2025","355","22.71","71.41","","","","","","","","","","","","","","","",""
"2025","356","23.24","69.68","","","","","","","","","","","","","","","",""
"2025","357","23.23","68.12","","","","","","","","","","","","","","","",""
"2025","358","22.14","73.65","","","","","","","","","","","","","","","",""
"2025","359","21.86","72.9","","","","","","","","","","","","","","","",""
"2025","360","22.65","65.48","","","","","","","","","","","","","","","",""
"2025","361","22.89","66.7","","","","","","","","","","","","","","","",""
"2025","362","22.91","65.88","","","","","","","","","","","","","","","",""
"2025","363","23.98","61.01","","","","","","","","","","","","","","","",""
"2025","364","23.5","65.9","","","","","","","","","","","","","","","",""
"2025","365","23.96","64.67","","","","","","","","","","","","","","","",""
"2026","1","23.6","67.01","","","","","","","","","","","","","","","",""
"2026","2","23.54","68.41","","","","","","","","","","","","","","","",""
"2026","3","23.98","65.91","","","","","","","","","","","","","","","",""
"2026","4","23.93","67.96","","","","","","","","","","","","","","","",""
"2026","5","22.98","71.07","","","","","","","","","","","","","","","",""
"2026","6","22.91","71.72","","","","","","","","","","","","","","","",""
"2026","7","23.91","66.4","","","","","","","","","","","","","","","",""
"2026","8","23.75","69.82","","","","","","","","","","","","","","","",""
"2026","9","22.35","75.5","","","","","","","","","","","","","","","",""
"2026","10","22.47","74.7","","","","","","","","","","","","","","","",""
"2026","11","22.61","74.8","","","","","","","","","","","","","","","",""
"2026","12","21.72","81.21","","","","","","","","","","","","","","","",""
"2026","13","21.64","82.13","","","","","","","","","","","","","","","",""
"2026","14","22.28","78.55","","","","","","","","","","","","","","","",""
"2026","15","22.09","79.29","","","","","","","","","","","","","","","",""
"2026","16","23.23","75.61","","","","","","","","","","","","","","","",""
"2026","17","24.11","72.7","","","","","","","","","","","","","","","",""
"2026","18","23.92","74.54","","","","","","","","","","","","","","","",""
"2026","19","23.65","76.48","","","","","","","","","","","","","","","",""
"2026","20","22.69","80.12","","","","","","","","","","","","","","","",""
"2026","21","23.5","75.91","","","","","","","","","","","","","","","",""
"2026","22","22.96","76.5","","","","","","","","","","","","","","","",""
"2026","23","23.3","76.85","","","","","","","","","","","","","","","",""
"2026","24","22.43","80.96","","","","","","","","","","","","","","","",""
"2026","25","21.31","84.73","","","","","","","","","","","","","","","",""
"2026","26","21.6","81.98","","","","","","","","","","","","","","","",""
"2026","27","22.23","81.49","","","","","","","","","","","","","","","",""
"2026","28","22.47","81.17","","","","","","","","","","","","","","","",""
"2026","29","22.35","84.23","","","","","","","","","","","","","","","",""
"2026","30","22.82","77.71","","","","","","","","","","","","","","","",""
"2026","31","22.44","84.2","","","","","","","","","","","","","","","",""
"2026","32","21.36","88.44","","","","","","","","","","","","","","","",""
"2026","33","21.75","87.39","","","","","","","","","","","","","","","",""
"2026","34","22.19","87.55","","","","","","","","","","","","","","","",""
"2026","35","21.97","87.98","","","","","","","","","","","","","","","",""
"2026","36","21.84","85.4","","","","","","","","","","","","","","","",""
"2026","37","21.55","90.33","","","","","","","","","","","","","","","",""
"2026","38","21.63","90.79","","","","","","","","","","","","","","","",""
"2026","39","22.56","85.16","","","","","","","","","","","","","","","",""
"2026","40","22.41","87.02","","","","","","","","","","","","","","","",""
"2026","41","22.06","90.37","","","","","","","","","","","","","","","",""
"2026","42","22.36","86.9","","","","","","","","","","","","","","","",""
"2026","43","22.84","85.09","","","","","","","","","","","","","","","",""
"2026","44","22.32","85.5","","","","","","","","","","","","","","","",""
"2026","45","21.28","87.47","","","","","","","","","","","","","","","",""
"2026","46","21.61","88.99","","","","","","","","","","","","","","","",""
"2026","47","21.53","91.28","","","","","","","","","","","","","","","",""
"2026","48","22.15","87.26","","","","","","","","","","","","","","","",""
"2026","49","22.13","89.08","","","","","","","","","","","","","","","",""
"2026","50","22.45","87.69","","","","","","","","","","","","","","","",""
"2026","51","22.96","85.11","","","","","","","","","","","","","","","",""
"2026","52","22.84","85.08","","","","","","","","","","","","","","","",""
"2026","53","23.19","85.65","","","","","","","","","","","","","","","",""
"2026","54","22.11","93.88","","","","","","","","","","","","","","","",""
"2026","55","22.29","88.09","","","","","","","","","","","","","","","",""
"2026","56","22.03","89.46","","","","","","","","","","","","","","","",""
"2026","57","22.6","86.55","","","","","","","","","","","","","","","",""
"2026","58","23.42","85.33","","","","","","","","","","","","","","","",""
"2026","59","23.62","86.97","","","","","","","","","","","","","","","",""
"2026","60","23","91.52","","","","","","","","","","","","","","","",""
"2026","61","22.52","92.45","","","","","","","","","","","","","","","",""
"2026","62","22.4","91.91","","","","","","","","","","","","","","","",""
"2026","63","22.39","87.39","","","","","","","","","","","","","","","",""
"2026","64","22.21","88.04","","","","","","","","","","","","","","","",""
"2026","65","21.69","90.49","","","","","","","","","","","","","","","",""
"2026","66","22.25","89.28","","","","","","","","","","","","","","","",""
"2026","67","22.32","89.25","","","","","","","","","","","","","","","",""
"2026","68","22.32","90.94","","","","","","","","","","","","","","","",""
"2026","69","22.42","90.48","","","","","","","","","","","","","","","",""
"2026","70","22.47","84.95","","","","","","","","","","","","","","","",""
"2026","71","22.91","86.93","","","","","","","","","","","","","","","",""
"2026","72","22.52","90.55","","","","","","","","","","","","","","","",""
"2026","73","21.89","93.85","","","","","","","","","","","","","","","",""
"2026","74","22.72","91.27","","","","","","","","","","","","","","","",""
"2026","75","23.43","88.59","","","","","","","","","","","","","","","",""
"2026","76","22.73","89.54","","","","","","","","","","","","","","","",""
"2026","77","23.37","80.23","","","","","","","","","","","","","","","",""
"2026","78","23.11","84.84","","","","","","","","","","","","","","","",""
"2026","79","22.85","88.68","","","","","","","","","","","","","","","",""
"2026","80","22.64","88.97","","","","","","","","","","","","","","","",""
"2026","81","22.71","86.38","","","","","","","","","","","","","","","",""
"2026","82","21.72","90.15","","","","","","","","","","","","","","","",""
"2026","83","22.22","87.06","","","","","","","","","","","","","","","",""
"2026","84","22.42","86.68","","","","","","","","","","","","","","","",""
"2026","85","22.88","83.65","","","","","","","","","","","","","","","",""
"2026","86","22.23","85.19","","","","","","","","","","","","","","","",""
"2026","87","22.37","87.58","","","","","","","","","","","","","","","",""
"2026","88","22.47","86.28","","","","","","","","","","","","","","","",""
"2026","89","21.77","87.8","","","","","","","","","","","","","","","",""
"2026","90","22.44","84.9","","","","","","","","","","","","","","","",""
"2026","91","22.72","86.03","","","","","","","","","","","","","","","",""
"2026","92","20.59","90.03","","","","","","","","","","","","","","","",""
"2026","93","20.72","92.64","","","","","","","","","","","","","","","",""
"2026","94","20.65","92.49","","","","","","","","","","","","","","","",""
"2026","95","20.6","90.76","","","","","","","","","","","","","","","",""
"2026","96","20.72","90.72","","","","","","","","","","","","","","","",""
"2026","97","20.9","90.27","","","","","","","","","","","","","","","",""
"2026","98","21.08","90.77","","","","","","","","","","","","","","","",""
"2026","99","21.16","88.87","","","","","","","","","","","","","","","",""
"2026","100","21","86.36","","","","","","","","","","","","","","","",""
"2026","101","21.49","87.33","","","","","","","","","","","","","","","",""
"2026","102","21.6","89.35","","","","","","","","","","","","","","","",""
"2026","103","21.48","91.79","","","","","","","","","","","","","","","",""
"2026","104","21.01","92.29","","","","","","","","","","","","","","","",""
"2026","105","21.11","92.17","","","","","","","","","","","","","","","",""
"2026","106","20.8","94.02","","","","","","","","","","","","","","","",""
"2026","107","20.78","89.76","","","","","","","","","","","","","","","",""
"2026","108","20.75","90.04","","","","","","","","","","","","","","","",""
"2026","109","20.79","90.78","","","","","","","","","","","","","","","",""
"2026","110","20.93","91.11","","","","","","","","","","","","","","","",""
"2026","111","20.95","89.91","","","","","","","","","","","","","","","",""
"2026","112","20.83","90.84","","","","","","","","","","","","","","","",""
"2026","113","20.46","91.47","","","","","","","","","","","","","","","",""
"2026","114","20.67","88.05","","","","","","","","","","","","","","","",""
"2026","115","20.67","93.09","","","","","","","","","","","","","","","",""
"2026","116","20.69","92.58","","","","","","","","","","","","","","","",""
"2026","117","21.01","90.73","","","","","","","","","","","","","","","",""
"2026","118","21.12","89.85","","","","","","","","","","","","","","","",""
"2026","119","21.07","91.17","","","","","","","","","","","","","","","",""
"2026","120","20.91","91.31","","","","","","","","","","","","","","","",""
"2026","121","21.11","89.85","","","","","","","","","","","","","","","",""
"2026","122","21.1","88.86","","","","","","","","","","","","","","","",""
"2026","123","20.77","92.12","","","","","","","","","","","","","","","",""
"2026","124","20.94","91.56","","","","","","","","","","","","","","","",""
"2026","125","21.21","89.9","","","","","","","","","","","","","","","",""
"2026","126","21.62","88.41","","","","","","","","","","","","","","","",""
"2026","127","21.39","89.47","","","","","","","","","","","","","","","",""
"2026","128","21.23","91.01","","","","","","","","","","","","","","","",""
"2026","129","21.71","89.74","","","","","","","","","","","","","","","",""
"2026","130","21.23","90.86","","","","","","","","","","","","","","","",""
"2026","131","21.1","91.26","","","","","","","","","","","","","","","",""
"2026","132","21.26","88.91","","","","","","","","","","","","","","","",""
"2026","133","21.31","88.64","","","","","","","","","","","","","","","",""
"2026","134","21.68","85.75","","","","","","","","","","","","","","","",""
"2026","135","21.52","87.85","","","","","","","","","","","","","","","",""
"2026","136","-999","-999","","","","","","","","","","","","","","","",""
"2026","137","-999","-999","","","","","","","","","","","","","","","",""
